支援方法,タグ,引用元,詳細1,詳細2,詳細3,詳細4,詳細5,詳細6,詳細7,詳細8,詳細9,詳細10,詳細11,,
長い語句が聞き取りにくい①,聞くきく,教室でできる特別支援教室のアイデア172　編集者　月森久江,宝探しゲーム,①グループから１人ずつ出て先生に宝のありかを聞く,②聞いた指令をグループの友達に伝え、みんなで宝をさがす,〇使用する言葉を複雑にしたり、「指令」そのものを長くしたりすることで難易度を上げると、高学年にも使用できます。聞き取ったことをメモさせると、「聴写」の練習にもなります。国語のトレーニングとしても使えます。, , , , , , , ,,
長い語句が聞き取りにくい②,聞くきく,教室でできる特別支援教室のアイデア172　編集者　月森久江,あなたはだあれ？,①教卓の上に並んでいるカードを見る。代表１人が先生の机の上にある絵カードを見て、好きなものを１つ決めて待つ,②自分の班にもどってヒントを言う。自分が決めた絵の「形」「色」「特徴」「大きさ」「用途」とヒントとして伝える。,〇課題を「職業」や「物語の主人公」などに変えると、高学年でも楽しめます。聞き取ったことをメモさせると、「聴写」の練習にもあります。, , , , , , , ,,
拗音促音が正確に聞き取れない①,聞くきく,教室でできる特別支援教室のアイデア172　編集者　月森久江,カルタを使って聞き取り練習,①カード作り　子ども同士のペアをつくり、拗音や促音を含む言葉をカードにたくさん書いていく。カードにはひらがなで書き、同じ言葉を２枚ずつ作る。,②カルタとり　ペアの１人が読んで１人がカルタを取る。取った札は合っているかたしかめる。,〇カードを作っておけば、別のペアとカードを交換して何度も対戦できます。短い単語から始め、徐々に単文などへ移行していくと、難易度が上げられます。, , , , , , , ,,
拗音促音が正確に聞き取れない②,聞くきく,教室でできる特別支援教室のアイデア172　編集者　月森久江,２人で書き取り練習,①拗音や促音を含む短文を２人組でたくさん作る,②読み手がカードを読み、もう１人が聞いた内容をノートに書く,〇一音一音の聞き取りのために行う活動なので、短文をカードに書くときは、高学年であっても、拗音や促音の部分をひらがなやカタカナで書かせたほうがよいです。聞き取りの際は、促音や拗音を含む単語部分のみを書いてもよいです。, , , , , , , ,,
同じことを何回も聞く①,聞くきく,教室でできる特別支援教室のアイデア172　編集者　月森久江,聞き取り競争,①クロスワードゲームのように4×４のマスをつくる。教師が右行から「そらまめ」「らいおん」「ほほえみ」「ほくとう」と読み上げる。,②キーワードが「えんそく」ということに気付かせる。,〇ビンゴ用紙のマス目を増やし、言葉を長く複雑にすれば、難易度が上がり、高学年にも使えます。また言葉だけでなく短文を使うことで、より複雑にできます。太枠の配置を変え、組み合わせてできる言葉を複雑にすることができます。, , , , , , , ,,
同じことを何回も聞く②,聞くきく,教室でできる特別支援教室のアイデア172　編集者　月森久江,聞き耳ビンゴ,①テーマを決めて、交互に１つずつテーマにそった単語を言う（テーマ例：野菜、お菓子、動物）その単語をビンゴ用紙の好きなマスに書く,②2人で交互に単語を1個ずつ読みあげ、1列そろったらビンゴ,〇ビンゴ用紙のマスを増やし、複雑にすれば難易度が上がり、上学年にも使えます。高学年の場合は、グループの人数を増やしたり、学級全体で行うことに挑戦してもよいでしょう。, , , , , , , ,,
言語による指示の理解がむずかしい,話すはなす,教室でできる特別支援教室のアイデア172　編集者　月森久江,地図で遊ぼう,①地図の場所の名前を確認したり、「右に曲がる」という言葉の理解を確認したりする,②ペアの一人が指示を読んで、目的地にたどり着けるか,〇高学年では、地図を複雑にしたり、道路から自分で書き込むようにさせます。また、東西南北の指示も学習できます。, , , , , , , ,,
言いたいことがうまく言えない,話すはなす,教室でできる特別支援教室のアイデア172　編集者　月森久江,絵やカードで順序よく話そう,①日常の生活カードを並べ、自分が昨日した順番に並べていく。（ご飯、はみがき等）,②並べた順番に話をする。「私はご飯を食べて、歯を磨いて…」,◯話したことをノートに書いていくと、簡単な作文を書くことができます。中・高学年なら、日記や作文メモのような形で使用させることができます。１分間スピーチのヒントにもできます。, , , , , , , ,,
言いたいことがうまく言えない,話すはなす,教室でできる特別支援教室のアイデア172　編集者　月森久江,「簡単作文」で順序立てて話そう,①プリントにまとめてから話す。,いつ…きのう、だれが…私は、どこで…校庭で　等,◯慣れてきたら、「だれと」「どのように」などの項目を加え、内容を増やすこともできます。作文や日記の宿題、行事の感想文にも使用できます。, , , , , , , ,,
相手が何を言ったか忘れてしまう①,話すはなす,教室でできる特別支援教室のアイデア172　編集者　月森久江,いつ、どこで、だれが、何をしたゲーム,①２人組になり、ペアの相手が言ったことを、互いに聞きとって短冊カードにたくさん書く。いつ？だれが？どこで？なにをした？,②箱から１枚ずつカードをひいて、できた文章を読みあげる,◯慣れてきたら、各項目で話す言葉を工夫し、より面白いものを考えさせます。組み合わせによっては、あたりまえの言葉から面白い文章ができることに気づかせます。各グループのいちばん面白かった文を発表し、みんなで聴写してもよいです。, , , , , , , ,,
相手が何を言ったか忘れてしまう②,話すはなす,教室でできる特別支援教室のアイデア172　編集者　月森久江,伝言ゲームとしりとりで楽しく覚える,①伝言ゲーム,②しりとり,◯うまくできるようになったら、１グループの人数を増やしたり、話の内容を複雑にしたりテーマを変えたりします。各グループが発表した最後の文を黒板などに書かせると、「聞き取ったことを覚えて書く」ことの練習になります。, , , , , , , ,,
助詞・構文の誤り、ふさわしくない言葉づかいがある。①,話すはなす,教室でできる特別支援教室のアイデア172　編集者　月森久江,助詞カードを置こう,①それぞれの絵に合うように助詞カード（は・が・を・に・で）を置く。１，ぼうし　が　ぼうし　を　ともだち　に　わたした。　２、ともだち　は　ぼうし　を　ぼく　から　もらった。,②同じ意味の文になるように助詞カード（は・が・を・に・で）を置く。１，ネコ　は　ネズミ　を　追いかけられた。２、ネズミ　は　ネコ　に　追いかけられた。,◯５W１Hの種類を増やし、内容を複雑にすると、高学年でも楽しんで行えます。２～３人のグループで、短冊に書き込む、カードを並べて文を作る、助詞カードを入れるなどの活動を一緒に考えながら行うこともできます。, , , , , , , ,,
助詞・構文の誤り、ふさわしくない言葉づかいがある。②,話すはなす,教室でできる特別支援教室のアイデア172　編集者　月森久江,絵カード「こんなときなんて言えばいいの？」,①２人組になる。②登場人物のどちらの立場になるか決める。,③適切だと思う言葉カードに書く。③書き入れたものを２人で読みあい適切かどうか話し合う。,◯絵カードに出てくる人数を増やせば、内容はより複雑になり、高学年にも十分に対応できます。許可を取る場面、人に尋ねる場面など、言葉の使い方を増やすことに応用できます。, , , , , , , ,,
尋ねられたことに答えられない①,話すはなす,教室でできる特別支援教室のアイデア172　編集者　月森久江,お話を覚えてプリントに答えよう,①教師の話を聞いて、ポイントがしぼられたプリントに書く。,②お話に関する質問を、教師が１つずつ出す。自分の考えをプリントを書く。,◯話に出てくる登場人物の人数を増やしたり、内容を複雑にすることで、高学年にも対応できます。, , , , , , , ,,
尋ねられたことに答えられない②,話すはなす,教室でできる特別支援教室のアイデア172　編集者　月森久江,カードをヒントにしてお話をしよう,①自分がしたことを思い出し、カードを見ながら質問に答える。,②それぞれのカードについて「最初に何をしましたか」「次に何をしましたか」「一番は何ですか」「二番は何ですか」と先生が尋ねる。,◯話したことをノートに書くと、簡単な作文になり、体験したことを書いて覚えることにつながります。, , , , , , , ,,
吃音や構音障害がある①,話すはなす,教室でできる特別支援教室のアイデア172　編集者　月森久江,先生と一緒に音読しよう,①はじめの合図をし、子どもと教師が声をそろえて読む。②子どもが教師の声を聞きながら、合わせて読めるよう気をつける。教師は抑揚をつけず、平坦なアクセントで、子どもより少し遅めに読む。③詰まらずに読めたら、大いにほめて次回への意欲を高める。,③慣れてきたら、教師は声を徐々に小さくし、声を出さないで読む（口だけぱくぱくさせる感じ）⑤読み終えたら、教師が声を出さなくても詰まらず読めたことを伝え、自信をつけさせる。,◯ペアやグループでの音読練習に使うと、相手の声をよく聞き、それに合わせて読む練習になります。クラス全体で音読をしたり、手拍子をしながらリズムよく読む練習をします。, , , , , , , ,,
吃音や構音障害がある②,話すはなす,教室でできる特別支援教室のアイデア172　編集者　月森久江,簡単発音練習,①うがい：のどの奥をとじてゴロゴロうがい。ほおを動かしてクチュクチュうがい②ペロペロ：口のまわりについたジャムをなめてとる③すくい飲み④ブクブク,⑤シャボン玉⑥フーフーと吹く⑦風船,◯学級活動など、遊びとして楽しみながら行うと、高学年でも使えます。また④⑤⑥⑦は、ゲーム形式で行っても楽しめます。演劇の発声連数や早口練習言葉なども楽しめます。, , , , , , , ,,
文字に関心がない①,読みよむ読みよみ,教室でできる特別支援教室のアイデア172　編集者　月森久江,言葉探しゲーム,①１班は、それぞれのもにシールを貼る（ほん、色鉛筆等）,②２班は教室に入り、見つけたシールをワークシートに貼る,◯単語の表記を、ひらがな→カタカナ→漢字にします。シールに単語を書くことも子どもに担当させます。, , , , , , , ,,
文字に関心がない②,読みよむ読みよみ,教室でできる特別支援教室のアイデア172　編集者　月森久江,ひらがな神経衰弱,①カードの絵と文字が合っていることを確かめる。,②カードを裏返しておき、トランプの神経衰弱の要領でカード合わせをする,◯徐々に言葉の音節数を増やしたり、カードの枚数を増やしたり、言葉をカタカナや漢字表記にするなどの応用ができます。子どもにカードを作らせ、それらのカードも合わせて行います。, , , , , , , ,,
読み誤りが多い①,読みよむ読みよみ,教室でできる特別支援教室のアイデア172　編集者　月森久江,単語や文のまとまりがわかりやすい工夫,①文章を単語や文節ごとに線で区切る,②教材の文章を単語や文節などの区切りで分かち書きにする,③文末や、読み誤りしやすい単語にマーカーで色をつける。,◯文節ごとの区切りを子ども本人にいれさせたり、区切り方も本人の読みやすいものにしていくように工夫していきます。, , , , , , ,,
読み誤りが多い②,読みよむ読みよみ,教室でできる特別支援教室のアイデア172　編集者　月森久江,読んでいる行がわかりやすい工夫,①ラインマーカーで１行ずつ色を変える,②行間に線を引く,③補助シート,◯補助シートの応用として、定規程度の大きさの白い厚紙を、読んでいる行の脇にあて、ずらしながら読む方法があります。, , , , , , ,,
文章が読めても意味が理解できない,読みよむ読みよみ,教室でできる特別支援教室のアイデア172　編集者　月森久江,４コマまんがで展開を理解,①４コマまんがを見せてストーリーを話す,②文章カードを読ませる,③４コママンガに合うように文章カードを並べる,◯文章の内容や長さ、ストーリーの展開は、子どもの興味や読み能力に応じて変えます。最後のコマを白紙にし、展開を推測させながら並べかえをします。学校生活の決まりやルールをストーリーに取り上げることもできます。危険なことを平気でしてしまう子には、先の見通しをもたせる指導にも使えます。, , , , , , ,,
漢字の読みが覚えられない①,読みよむ読みよみ,教室でできる特別支援教室のアイデア172　編集者　月森久江,漢字と読みのマッチングゲーム,特定の漢字を使った単語や熟語をたくさん用意する,①漢字のよみ方を確認し、漢字カードと読みがなカードのカード合わせをする,②なれてきたら、トランプの神経衰弱の要領でゲームをする（マッチングゲーム）,◯学年や子どもの読み能力などに応じて、漢字や単語を選びます。マッチングゲームでは、単語の数を増やすこともできます。カードを持ち帰って家でも練習できます。漢字が読める子どもにも、ひらがなから漢字を書く練習に応用できます。, , , , , , ,,
漢字の読みが覚えられない②,読みよむ読みよみ,教室でできる特別支援教室のアイデア172　編集者　月森久江,「言葉の足し算・引き算」で熟語を読もう,ことばの足し算　薬（くすり）＋草（くさ）＝薬草（？？）　勝つ（かつ）＋負ける（まける）＝勝負（？）,ことばの引き算　友人(ゆうじん）-友（とも）＝人（？）　前進（ぜんしん）-前（まえ）＝進む（？）,◯学年や子どもの読み能力などに応じて、漢字や単語を選んでいきます。, , , , , , , ,,
ひらがなが読めても書けない①,書くかく書きかき,教室でできる特別支援教室のアイデア172　編集者　月森久江,ひらがなパズル,＜準備＞厚紙を切りぬいて、ひらがな文字を構成する形態要素のパーツをつくる,＜やり方＞見本をよく見ながら、パーツを使って文字をつくる,◯１文字ずつだけではなく、「い」「ぬ」の２文字分の形態要素のパーツを混ぜて提示し、「いぬ」という単語を構成させます。さらに単語の音節数を増やしたり、複数の単語（例、「うみ」と「やま」など）を構成させるなどもできます。, , , , , , , ,,
ひらがなが読めても書けない②,書くかく書きかき,教室でできる特別支援教室のアイデア172　編集者　月森久江,続きを書こう,①書くことのむずかしい字を下書きに続けて練習する,②慣れてきたら単語で練習する,◯はじめに書いておく形態要素を減らしたり（例、「あ」の横線だけ書いておく）、見本を見なくても書けるように、しだいに見本を隠していきます。, , , , , , , ,,
形を構成できない①,書くかく書きかき,教室でできる特別支援教室のアイデア172　編集者　月森久江,足し算で漢字をつくる,口＋十＝　糸＋田＝　立＋木＝,◯課題は子どもの学年や習得の様子に応じて作成します。また、応用問題の１つめのように、形態要素をより細かく分けたり、応用問題の２つめのように、同じ偏を使った足し算で、興味を広げることもできます。, , , , , , , , ,,
形を構成できない②,書くかく書きかき,教室でできる特別支援教室のアイデア172　編集者　月森久江,漢字間違い探し,漢字の形を間違いやすい子に対して　「まちがいをさがして正しい字を書きましょう」,漢字の使い方を間違いやすい子に対して　「まちがいをさがして正しい字を書きましょう」,◯課題は子どもの学年や習得の様子に応じて作成します。また特定の漢字を用いる熟語を集める課題（例、関係・関心・関所…）などもあわせて行うとよいでしょう。, , , , , , , ,,
書き順が覚えられない①,書くかく書きかき,教室でできる特別支援教室のアイデア172　編集者　月森久江,書き順シート,①書き順シートを指でなぞって練習する。,②書き順シートをえんぴつでなぞって練習する,③書き順シートを手本に実際に書いて練習する,④画数の多い漢字へ移行する, , , , , , ,,
書き順が覚えられない②,書くかく書きかき,教室でできる特別支援教室のアイデア172　編集者　月森久江,文字書き歌,①書き順を歌にする　＜もじかき歌の例）番　ノ　ソッと　木の下　田んぼの番人にらんでる　,②歌いながら練習する　歌いながらゆびでなぞる　歌いながらえんぴつでなぞる　歌いながら見本を見て書く　歌いながら何も見ないで書く,◯子どもに文字書き歌を作らせます。複雑な文字、文字の中をいくつかの部分に分け、部分ごとに書く練習をします。, , , , , , , ,,
漢字の偏とつくりのバランスが悪い①,書くかく書きかき,教室でできる特別支援教室のアイデア172　編集者　月森久江,補助線入りワークシート,補助線に合わせて漢字を書く,◯徐々に補助線の数を減らしたり、マスを小さくして練習します。また熟語も練習するとよいでしょう。, , , , , , , , ,,
漢字の偏とつくりのバランスが悪い②,書くかく書きかき,教室でできる特別支援教室のアイデア172　編集者　月森久江,バランスに気をつけて続きを書こう,足りない部分を書きたして漢字を完成させる, ,◯徐々にマスの大きさを小さくしたり、熟語でも練習します。, , , , , , , ,,
聞いたことを文字につづれない①,書くかく書きかき,教室でできる特別支援教室のアイデア172　編集者　月森久江,カードで単語づくり・カードで短文づくり,①教師が言った単語をカードを並べてつくる　「ぴ　ひ　ん　き　こ　う　つ　え」　「えんぴつ」,②教師が言った文をカードを並べてつくる　「は　あきばこ　を　えのぐ　おりがみ　あした　もってくる　と　と」「あした　は　あきばこ　と　おりがみ　と　えのぐ　を　もってくる」,◯単語構成の場合、複数の単語が構成できる分の文字カードを混ぜておいたり、短文の場合も複数の文章を構成できるカードを混ぜております。, , , , , , , ,,
聞いたことを文字につづれない②,書くかく書きかき,教室でできる特別支援教室のアイデア172　編集者　月森久江,「聞き書き」ワークシート,ポイントを書き込むためのワークシートと文字を思い出すための手がかりを使う,「明日は時間割が変わります。明日の時間割は国語、体育、音楽、生活です。明日の時間割をプリントに書いてください。」,〇使う語彙や話の内容をむずかしくする、量を増やす、漢字を用いる、話すスピードを調整するなどの応用が可能です。また慣れてきたらヒントを徐々に少なくします。, , , , , , , ,,
多動でせわしなく、話を聞いていない①,忘れわすれ,教室でできる特別支援教室のアイデア172　編集者　月森久江,話を聞くポイントの意識化,「話を聞くときのポイント」を表にして、注意点を確認し、振り返らせる,・表は机の上に置いて、いつでも見られるようにする。,・教師は話を始める前に、「聞くときのポイントは？」などと言って項目を読ませて意識させる。,①最初に…マークを活用する, , , , , , ,,
多動でせわしなく、話を聞いていない②,忘れわすれ,教室でできる特別支援教室のアイデア172　編集者　月森久江,活動を入れる,①話すことの項目数を予告する。「注意を３つ言います」,②子どもを前に出し、１つめの話を板書させる,③みんなの前で板書を読ませる,◯書くのをいやがる子には、話の項目の題を教師が短冊に書いておいて、はらせます。, , , , , , ,,
自分の持ち物を覚えていない①,忘れわすれ,教室でできる特別支援教室のアイデア172　編集者　月森久江,チャックシートで持ち物を確認,①帰りの会のすぐあとに「もちものチェック表１」を使って持ち帰る物を確かめる。チェック表１　えんぴつ５本…◯,②家に帰ってから「もちものチェック表２」を使って明日の勉強に必要な物を確かめる　１じかんわり　教科書・・・◯　ノート・・・◯,◯一人で点検できるようになるまで、あせらず続けていきます。家庭での協力が不可欠なので、「学校でこのような方法を教えています」と知らせ、家庭の中でも同じような取り組みができるように保護者と相談します。, , , , , , , ,,
自分の持ち物を覚えていない②,忘れわすれ,教室でできる特別支援教室のアイデア172　編集者　月森久江,持ち物にマークをつける,①持ち物にシールや印をつける　名前の頭文字やイニシャル、好きなキャラクターのシールを目立つようにつける　複数のものいは番号をふるとよい,②専用の落として物箱をつくる　落とし物を拾った人は、専用の落とし物箱に入れてあげる　下校前に本人や先生が中を確認する,◯鉛筆や色鉛筆のようにたくさんあるものは、同じ種類のなかで番号をふっておくと確認しやすくなります。, , , , , , , ,,
ノートに書きとめたり、メモをとることをいやがる①,忘れわすれ,教室でできる特別支援教室のアイデア172　編集者　月森久江,メモしやすい表,①メモするものの数を番号の欄に書く,②もってくるものを、番号順にメモする,③専用のケースに入れてもち帰る,◯書き方が定着してきたら、同じ書き方で罫線や連絡ノートに書くように発展させます。, , , , , , ,,
ノートに書きとめたり、メモをとることをいやがる②,忘れわすれ,教室でできる特別支援教室のアイデア172　編集者　月森久江,メモの代わりのカード,①各教科のもちものカードを印刷する,②次の日の時間割に合わせてカードをとる,③家に帰ったらカードを見て持ち物を準備する,◯子どもの状態によって、特別な持ち物のときだけ、使うこともできます。左ページの「明日の持ち物表」にカードを見ながらメモをさせていきます。, , , , , , ,,
物事を順序よく整理できない①,忘れわすれ,教室でできる特別支援教室のアイデア172　編集者　月森久江,観点記入用紙で情報を整理,①次の授業までに必要な事柄を観点を示したプリントに書き入れる　次の教室は？→りかしつ　もちもの→たまねぎ　宿題→プリント１枚,②学習したことの整理　配布プリントの末尾に学習を振り返る観点記入欄を設ける,◯いくつも観点があるとわからなくなってしまう子には、１つの観点から始めます。いちばん大事なことに印をつけるのもよい勉強になります。, , , , , , , ,,
物事を順序よく整理できない②,忘れわすれ,教室でできる特別支援教室のアイデア172　編集者　月森久江,手順を整理して示す,①事前に手順をわかりやすいく示す　１先生の話を聞く　２話し合い　３グループで調べる,②活動中にどの手順をやっているか意識させる　１つの手順が終わったら線で消していく,◯メモを見ながら取り組めるようになったら、手順の一部をバラバラのカードにして、自分で順番を考えて取り組むようにさせます。, , , , , , , ,,
数量概念がつかみにくい①,算数,教室でできる特別支援教室のアイデア172　編集者　月森久江,具体物の操作で量をとらえる,増やしたり減らしたり,①数をかぞえながらボールを操作する。先生がボールの数を変えて示し、いくつかたずねる,②反対からボールを数える。２つの違いを数える。,◯「ちがいはいくつ？」のように、カラーボールの色を分けた２本の筒を使って、数の大小を比較させます。教室の中の数えられるものすべてを、筒とボールを使って数えるのもよいでしょう。, , , , , , ,,
数量概念がつかみにくい②,算数,教室でできる特別支援教室のアイデア172　編集者　月森久江,【一瞬で当てよう】,手に握られていたおはじきの数をできるだけ早く答える,【残りを見て当てよう】①おはじきを10個用意する,②１人がいくつかを手に握る,③残ったおはじきを見て、手の中にある数を素早く当てる, , , , , , ,,
数えるのが苦手で間違いが多い①,算数,教室でできる特別支援教室のアイデア172　編集者　月森久江,マグネットを置いて数える,「いち、に、さん…」と声に出しながら、マグネットを絵の上に置いて数えていく,「りんごは何個ありましたか？」「バナナは何本ありましたか？」などと先生が質問をする,数える物の種類別にマグネットを置き、「全部でいくつ置きましたか」と合計をたずねて答えさせます。, , , , , , , ,,
数えるのが苦手で間違いが多い②,算数,教室でできる特別支援教室のアイデア172　編集者　月森久江,数ものさしを手がかりに,◯子どもが自分で自分用のものさし（数直線）を作ることによって、数の理解が進みます。２本作って組み合わせると、足し算や引き算の道具として活用できます。２年生から３年生では、100までの「数ものさし」を黒板に提示します。, , , , , , , , , ,,
文章題のような数学的推論ができない①,算数,教室でできる特別支援教室のアイデア172　編集者　月森久江,キーワードに印をつける,①声に出して問題文を一緒に読む,②数字にマーカーで印をつける,③キーワードにちがう色のマーカーで印をつける,④式を立てて計算する, , , , , , ,,
空間関係が理解できないため、図形の把握がむずかしい,算数,教室でできる特別支援教室のアイデア172　編集者　月森久江,箱を積んで立体にふれる,◯単位立方体を使い、見本と同じ立体を作るのに、いくつの立方体が必要か調べさせることで、体積お学習につなげることができます。, , , , , , , , , ,,
身体意識が弱く、動きがぎこちない,運動,教室でできる特別支援教室のアイデア172　編集者　月森久江,体を意識する活動,◯タッチゲーム　１人が目を閉じ、１人が教師の示した部位にタッチする。,◯からだ地図を作ろう　①１人が紙の上に寝て、１人が輪郭をかきとる　,◯「あっち向いてホイ」の要領で、言われた部位にタッチします。, , , , , , , ,,
身体意識が弱く、動きがぎこちない,運動,教室でできる特別支援教室のアイデア172　編集者　月森久江,左右を意識する活動,◯ダンス＆ストップ　音楽に合わせて自由におどる。音楽が止まったら、モデルの子と同じポーズをとって静止する。,◯旗あげゲーム　赤と白の旗や棒をもち右、左のかけ声でゲームをする。,◯給食の食器の配膳、筆箱やノートの置き場所の確認など、日々の生活場面でも左右を意識させる言葉かけを多くします。, , , , , , , ,,
器用に動けない,運動,教室でできる特別支援教室のアイデア172　編集者　月森久江,音楽に合わせて全身運動,◯スキップ　鉛筆転がり　立つ　ぐるぐる　ゆっくり歩く　走る走る　とぶ　スキップ,教師の「歩く」「走る」などの指示によって、音楽に合わせて自由に体を動かす,◯同じ音楽テープを使って、「音楽が止まったら、１・２歩で止まる」「曲が流れたらまた歩く」など、曲に合わせて体を動かす練習します。, , , , , , , ,,
器用に動けない,運動,教室でできる特別支援教室のアイデア172　編集者　月森久江,軍手キャッチボールで目と手の感覚を養う,◯くっつきボール（マジックテープ）くっつき手袋（軍手にフェルトをぬいつける）,◯できるようになったら、やわらかいボールを使って、素手でキャッチボールを行います。また、少し大きいビーチボールでも練習してみます。, , , , , , , , ,,
疲れやすく、運動をすぐやめてしまう,運動,教室でできる特別支援教室のアイデア172　編集者　月森久江,上手な休憩タイム,①授業のはじまり　休憩タイムの入ったスケジュールを初めの説明する,②休憩タイム　遊びにならないように休憩する場所や休憩の仕方を決めておく,◯立ち歩きがあったり、落ち着きのないクラスの場合、こまめに休憩をとって、注意の喚起を促すことで効率が上がり、トータルの集中時間も長くなります。, , , , , , , ,,
疲れやすく、運動をすぐやめてしまう,運動,教室でできる特別支援教室のアイデア172　編集者　月森久江,ゴールの先のお楽しみ,めあて　準備体操をきちんとする　５点！　はばとび　きいろラインまでとぶ　２点！　,得点に応じて　１０点先生とあっちむいてホイ！　５０点先生と腕相撲等,◯チーム分けのときのリーダーにしたり、好きなゲームを選択できる特権を与えてもよいでしょう。, , , , , , , ,,
人の話を聞く,聞くきく/ADHD,最新図解　ADHDの子どもたちをサポートする本　榊原洋一 (著) ,ADHDの子どもは、声による働きかけだけでは気づきにくい場合があります。話を聞きとりやすい環境を整えたり、特別に注意を喚起したりして、本人が注意を向けやすい話し方を工夫します。,①外の音や景色、掲示物などの刺激が入ってこない環境を整える,②話す前に、肩などを軽くたたいて注意を向ける,③自分が子どもに近寄るか、子どもに近寄らせて話す,④たびたび子どもと視線を合わせながら話す,⑤「わかる？」などと、ときどき話を聞いているか確認する,⑥口頭だけでなく、文字や絵、プリントなどを一緒に見せる,⑦補助の先生に横についてもらい、話を聞くよう注意してもらう,⑧集団に向けて話したあと、個別に同じ話をもう一度する,⑨話は短く簡潔にまとめる,⑩適度な大きさの声と淡々とした口調で、重要な事柄のみ話す,,
指示に従う,聞くきく/ADHD,最新図解　ADHDの子どもたちをサポートする本　榊原洋一 (著) ,子どもが指示に従わないケースは、指示がきちんと理解できていない場合と、指示がわかっているのに行動に移せない場合とに分けられます。原因によって対応のしかたもかわってきます。,①指示は一度にひとつだけ出す,②わかりやすいことばで簡潔に指示する,③口頭だけでなく、文字や絵で示したり、実演して見せたりする,④指示を覚えているかを確認し、忘れていたら再度伝える,⑤指示内容がわからなかったり聞きそびれたときは、先生に聞いて確かめるよう指導する,⑥指示内容を理解したか確認し、理解していなければ個別に説明する,⑦指示に従っている子どもをほめて、手本にするよう促す,⑧本人なりの理由があって従えないときは、「５分後にやる」「グループをかえる」など、条件をかえることで従うことを約束させる,⑨従いたくない意思があるときは、いったんその場を離れて気持ちを切りかえさせてから取り組ませる, ,,
着席する,着席/ADHD　,最新図解　ADHDの子どもたちをサポートする本　榊原洋一 (著) ,じっと着席していることができずに、体が動いてしまったり、立ち歩いてしまったりする子もいます。一定のルールのもとで離室を許したり、配り係を担当させたりして、限定的に離席を許容します。,①立ち歩きの原因となるような周囲の刺激をなくす,②本人が受け入れやすい座席にするため、隣に座る子を配慮する,③じっと着席できているときに、たびたびほめる,④課題が終わったら先生に見せにくるように伝え、手持ちぶさたにさせない,⑤タイマーを使って着席の残り時間を示す,⑥離席の許可を求めるサインを決めておき、サインを出せたら離席を許す,⑦ルールを決め、守ることができれば一定時間の離席や離室を許す,⑧離席や離室をしても、ルールや約束通りに戻ってこられたときはほめる,⑨配り係や黒板係を担当させて、離席を許容する,⑩着席していられれば、読書や手あそびを許容する,,
おしゃべりをしない,聞く/ADHD,最新図解　ADHDの子どもたちをサポートする本　榊原洋一 (著) ,授業中おしゃべりをしてはいけないことがわかっていても、衝動にブレーキがかけられずに声を出してしまうことがあります。おしゃべりしにくい環境を整えたり、発言のルールを定めたりしましょう。,①おしゃべりをしない子どもを周りに置いた座席にする,②おしゃべりがやめられたら、すかさずほめる,③黙っている子どもを名指ししてほめる,④「声のものさし」を示して、声を「ゼロ」の大きさにすることを伝える,⑤「挙手」→「指名」→「発言」という発言のルールを決めて掲示しておく,⑥話してもよい時間なのか、だめな時間なのかがわかるようなマークを、常に黒板などに示しておく,⑦「しずかに」の絵カードを見せる,⑧班で話し合う機会をつくり、短時間でも話してよい時間をもうける,⑨発言のルールが守れないときには、発言のチャンスを与えない, ,,
すぐに取りかかる,取り組むとりくむ/ADHD,最新図解　ADHDの子どもたちをサポートする本　榊原洋一 (著) ,すぐに取りかかれない理由を明らかにする必要があります。気づいていないときは個別に声をかけ、やり方がわからずはじめられない子には、最初の部分を手伝うなどのサポートが求められます。,①全体への指示のあとに、個別に声をかける,②取りかかるまでの時間を区切って示す,③疲れているなどの理由があるときは、少しだけ猶予を与え待つ,④終わらせる時間を示し、タイマーなどで残り時間を知らせる,⑤窓を閉める、片づけるなど、気が散りにくり環境を整える,⑥やり方がわからない子には、再度個別に説明する,⑦なにからはじめてよいかがわからない子には、行程を示す,⑧内容が難しすぎてできない場合は、最初の部分だけを手伝う,⑨課題が終わったあとに、すきな活動を用意しておく,⑩課題にとりかかれたら、すかさずほめる どうしても気乗りしない課題の場合は、別の課題を用意する,,
授業や宿題に集中する,集中/ADHD,最新図解　ADHDの子どもたちをサポートする本　榊原洋一 (著) ,ADHDの特性のために集中できないことを踏まえ、非難しないようにします。子どもの集中力を高めようとするのではなく、短時間で取り組めるようにするなど、ほかの部分で工夫をしましょう。,①外の音や景色、掲示物などの刺激が入ってこない環境を整える,②授業中に巡回を頻繁に行い、個別の声かけの回数を増やす,③問題は一度に多く出さず、小分けにする,④課題や宿題の途中に小休止を入れる,⑤「見る」「聞く」「書く」「話す」など、授業形態に変化をつける,⑥できたところまででも、おおいにほめる,⑦難しくてできない場合は、個別にやさしい内容にかえる,⑧得意な科目、好きな課題から先にはじめさせる,⑨どの課題をやるか複数の選択肢から選ばせる,⑩宿題が進まない子には、親などが一緒についてサポートする,,
最後までやり遂げる,取り組むとりくむ/ADHD,最新図解　ADHDの子どもたちをサポートする本　榊原洋一 (著) ,飽きっぽい面があり、課題を途中で投げ出してしまう子がいます。一気にゴールめざそうとせず、目標を下げて段階的にゴールに近づけるように、スモールステップの手法を用います。,①気が散る要素の少ない座席で取り組ませる,②スモールステップで段階を踏みながらゴールに到達できるようにする,③課題の到達度が高すぎるときは、個別に低い目標を設定する,④いつでもにどこまでやればよいかの見通しをもたせる,⑤ときどき小休止を入れる,⑥質問や相談がしやすいよう、先生の近くで課題に取り組ませる,⑦活動の合間に「がんばってるね、えらいよ」「その調子」などと、取り組み姿勢をほめることばをかける,⑧集中力を保つため活動の前に全員で運動をしておく, , ,,
ていねいに取り組む,取り組むとりくむ/ADHD,最新図解　ADHDの子どもたちをサポートする本　榊原洋一 (著) ,量をたくさんこなすことや、早く終わらせることをめざしてミスが多かったり、雑な仕上がりになってしまったりする子がいます。時間をいっぱい使うこと、見直しをすることなどの重要さを教えます。,①ていねいに取り組む１回で終わるほうがよいことを理解させる,②こなす量や速さは競っていないことを明確に伝える,③終了時間を伝え、時間いっぱい使うように指導する,④完成の見本を示し、具体的な目標をもたせる,⑤「はみだしていなければよし」などと、評価の基準を具体的に示す,⑥ていねいにできたときはほめる,⑦早くできたことやたくさんできたことをほめないようにする,⑧課題の量を極端に少なくし、質を重視する,⑨テストなどを提出する前に、見直しをする習慣をつけさせる,⑩最後にできた人が１番になるようなゲームを体験させる,,
切りかえる,感情のコントロール/ADHD,最新図解　ADHDの子どもたちをサポートする本　榊原洋一 (著) ,気持ちや行動の切りかえが苦手な子もいます。特有の過集中がある場合は、時間の経過や周囲の状況がみえなくなるため、ときどく声をかけて、切りかえに向けた心の準備を促す必要があります。,①活動時間を先に伝えておく,②切りかえの前に個別に声をかける,③切りかえの前に、段階を踏みながら「あと◯分」とこまめに知らせる,④タイマーを置いて、残り時間が視覚的に確認できるようにする,⑤あそびや読書に没頭してしまう場合は、おもちゃや本を一時的に預かる袋（「あとで袋」など）に入れる,⑥上手に切りかえられたときはしっかりほめる,⑦感情が高ぶっているときは、冷静になったころを見計らってから納得させる,⑧「まあいいや」「しかたない」など自分を納得させる合ことばを決める,⑨あそびや読書を中断しても、あとで続きができることを約束する, ,,
待つ,感情のコントロール/ADHD,最新図解　ADHDの子どもたちをサポートする本　榊原洋一 (著) ,衝動性があると状況に応じて待つことが難しく、別の行動をとったり、不適切なことばを発してしまったりしやすくなります。持ち時間の見通しをもたせるなど、待ちやすく対応をします。,①「割り込みの禁止など、並んで順番を待つルールを理解させる,②ルールを忘れているときは思い出させる,③待っている間になにをすればよいかを具体的に示す,④待てない子には「こっちを見て」と合図を出して、注意を引きつける,⑤衝動的に行動・発言してしまう子には、思いついてときに「３つ数える」などの”自分ルール”を決めて実践させる,⑥待っている間「あと◯人」とたびたび伝え、順番が近づいていることを理解させる,⑦しっかり待てたときはおおいにほめる,⑧ルールを守れなかったときはとりあわない,⑨いつまで待てばよいか、見通しをもたせる, ,,
ルールに従う,聞くきく/ADHD,最新図解　ADHDの子どもたちをサポートする本　榊原洋一 (著) ,きまりやルールをわざと破っているのではないことへの配慮が必要です。ルールを守れない背景を探り、どうやったら守れるか、守れなかったときはどうするかを指導します。,①ルールはできるだけ単純化し、数、内容ともに覚えやすいものにする,②ルールが守れている子どもを名指ししてほめる,③ゲームや競技のルールは開始前に全員で確認しておく,④ルールは目につくところに常に掲示しておく,⑤ルールを破りそうになっても行動を改められたときはほめる,⑥うっかりルールを破ったときにはすぐに謝ることを教える,⑦ルールを忘れたり、悪気がないときは”許す”という雰囲気をつくる, , , ,,
整理整頓をする,整理整頓せいりせいとん/ADHD,最新図解　ADHDの子どもたちをサポートする本　榊原洋一 (著) ,片付けるタイミングがわからない、整理のしかたがわからないといった問題が背景にあります。親も先生が片付けるよう促したり、片づけを一緒に手伝ったりしてあげる必要があります。,①棚やタンスなどにしまうものを絵や文字で示したマークをつける,②引き出しや道具箱のなかは、しまう物の種類ごとに仕切りをつける,③定期的に「片付けタイム」をもうける,④片づけの見本となるような”整理ずみの状態”の写真や絵を貼っておく,⑤片づけはじめの部分だけ、親や先生が手伝う,⑥一度に大量に片づけない（片づけ作業は短時間ですませる）,⑦片づけ物が多いときは数回に分けて片づける,⑧整理整頓ができたら、きれいになったことを評価する,⑨整理する物を分類するときは、細分化しすぎない（大ざっぱでよい）,⑩持ち物はできるだけ減らす,,
忘れ物への対応,忘れ物わすれもの/ADHD,最新図解　ADHDの子どもたちをサポートする本　榊原洋一 (著) ,短期的な記憶力の弱さにより、物を置き忘れたり、人との約束を忘れてしまったりすることもあります。忘れないための工夫も必要ですが、忘れてしまったときの対策を講じることも重要です。,①チェックシートを用いて、忘れ物がないか確認する,②持っていく物は前日の夜に用意する習慣をつける,③持っていく物の準備は親が手伝い、少しずつ手伝いを減らしていく,④帰宅後、園や学校から持ち帰った物を見せるよう、親が声かけをする,⑤朝、家から園や学校への提出物がないか、先生が子どもに聞くようにする,⑥連絡帳に翌日持ってくる物を書いたかどうか先生に確認してもらう,⑦準備に時間がかかる物（水泳用具、習字用具など）は先生から親に直接連絡しらもらう,⑧筆記用具などは忘れたときのために、スペアを１セット学校に用意しておく,⑨忘れ物が減ったときはおおいにほめる, ,,
生活リズムを整える,生活せいかつ/ADHD,最新図解　ADHDの子どもたちをサポートする本　榊原洋一 (著) ,時間の管理も苦手なため、規則正しい生活習慣が身につきにくい傾向があります。夜更かしの背景に睡眠障害がある場合も考えられるため、心配なときは医師に相談する必要があります。,①1日のスケジュールを決め、生活リズムをつくる,"②本の読み聞かせなど睡眠に導入するための""儀式"" を行う",③日中は外で運動あそびなどで体を動かす時間をもうけるようにする,④インターネットやゲームの時間を制限する,⑤就寝前にテレビやパソコン、インターネットなどを見せない,⑥家族全員で就寝時刻を決め、時間がきたら消灯する,⑦時間を決めて、”ながらたべ””だらだら食べ”をさせない,⑧睡眠のリズムがくずれ、登校の差し障るようなときは医師に相談する, , ,,
身だしなみを整える,生活せいかつ/ADHD,最新図解　ADHDの子どもたちをサポートする本　榊原洋一 (著) ,不器用さのために衣服がうまく着られなかったり、身だしなみに気が回らなかったりします。身だしなみが整っているとはどういう状態なのかを理解させたうえで、鏡で確認する習慣づけをします。,①ボタンのとめ方や上衣の裾の始末など基本的な衣服の着方を教える,②不器用な子の場合は着脱の簡単な衣服を選ぶ,③前と後ろが区別しにくい服には目印をつける,④うまく靴をはけずにかかとを踏んでしまう場合は、はき口の後ろに持ち手をつけてはきやすくする,⑤体操着の着脱に時間がかかるこには余分に時間を与える,⑥着がえやトイレのあとに衣服が乱れやすいことを理解させる,⑦ボタンのとめ方、裾の始末など確認するポイントを教える,⑧全身が映る鏡で衣服が整っているか一緒に確認する,⑨身だしなみが整っていることは”かっこいい”と意識させる,⑩一人で着脱ができない子の場合、部分的に親や先生が手伝う,,
板書を写す,書くかく/ADHD,最新図解　ADHDの子どもたちをサポートする本　榊原洋一 (著) ,小学校高学年になると、授業の板書をノートに写すのに苦労するケースが出てきます。重要な部分だけ拾って書けばよいことを伝え、重要度の高い語句を、色をかえるなどしてわかりやすく伝えます。,①黒板に書く文字は大きく、読みやすくする,②板書は授業のテーマやポイントをわかりやすくまとめる,③重要度の高い語句は色チョークで書き、それだけ写せばよいことにする,④授業中に板書を写すのに専念できる時間をもうける,⑤ノートは使わず書き込み式のプリントを用意し授業を行う,⑥授業後もしばらく板書は消さずに残しておく,⑦ノートのとり方の手本を示す,⑧ときどきノートを提出させ、大切な部分を書きとめているか確認する,⑨状況が許せば、パソコンによる入力でもよいことにする, ,,
手先の不器用さへの対応,不器用/ADHD,最新図解　ADHDの子どもたちをサポートする本　榊原洋一 (著) ,発達性協調運動障害が背景にあり、手先が不器用な子がいます。指先を使うあそびなどを通して練習することも必要ですが、使いやすく設計されたグッズなども積極的に活用しましょう。,①道具の正しい使い方やコツを個別に教える,②図画工作の作品づくりでは必要に応じて部分的に手伝う,③粘土あそびで指先の感覚を養う,④ひも通しや折り紙、あやとりなどであそぶ機会をつくる,⑤不器用な人でも使いやすく設計された商品を活用する,⑥鍵盤ハーモニカの運指練習のために、楽譜の音符、指、鍵盤に同じ色、同じ数字を書いたシールを貼る,⑦楽器の運指練習に時間がかかる子には、フレーズを細かく分けて、少しずつ練習させる（スモールステップ）,⑧リコーダーの運指練習のために、市販の「すべり止め補助シール」を穴に貼ってふさぎやすくする, , ,,
はみ出さずに書く,書くかく/ADHD,最新図解　ADHDの子どもたちをサポートする本　榊原洋一 (著) ,手先の不器用さのためにマス目から字がはみ出してしまう子がいます。大きなマス目を使ったり、ゆっくり書いたりといった配慮と合わせ、はみ出てもあとから読めるようなノートの使い方を指導しましょう。,①大きめのマス目、罫の間が広いノートを使用する,②用紙などはサイズを大きくし、記入欄も大きめにする,③漢字を書くときはマス目に補助線の入ったノートを使う,④字の練習をするときは、薄く書かれた手本の字の上をなぞって練習する,⑤字の書きはじめと書き終わりにマークをつけて、ガイドにする,⑥鉛筆をなめらかに動かせるよう、点結びや線結びの練習をする,⑦ゆっくり時間をかけて、ていねいに書くよう促す,⑧筆圧が弱い子には、４Bや６Bの鉛筆をもたせる,⑨ノートは行を１～２行分空けて書くようにする,⑩ノートは本人が読める字で書けていればよいことにする,,
運動の不得意さへの対応,協調きょうちょう/ADHD,最新図解　ADHDの子どもたちをサポートする本　榊原洋一 (著) ,発達性協調運動障害のために運動が苦手で、体育の授業でつらい思いをする子もいます。到達目標を下げ、その子なりの努力を評価しましょう。,①到達目標を下げて、できそうなことからチャレンジさせる,②同時に複数の動きを組み合わせる運動（なわとびなど）では、それぞれの動き（なわを回す、ジャンプする）を別々に練習する,③自分の体のイメージを高めるために、固定遊具を使った外あそびをさせる,④ジャンプができない子には、段差のあるところから飛び降りる練習をさせる,⑤鉄棒や平均台は子どもの身長に合わせて、低めのものを使う,⑥できるだけ基礎練習に専念させ、競争はさせない,⑦少しでも上達したらおおいにほめる,⑧ボールを怖がるときは、当たっても痛くないようボールの空気を少し抜く, , ,,
グループ内で役割を果たす,友達ともだち/ADHD,最新図解　ADHDの子どもたちをサポートする本　榊原洋一 (著) ,グループ内で役割分担をし、協力してひとつのことをなし遂げることが苦手な子がいます。自分のやるべきことが理解できていなかったり、衝動的に持ち場を離れてしまったりするケースがあります。,①担当する仕事や役割を具体的に示す,②役割分担の内容を提示し、いつでも確認できるようにする,③本人がやりやすい仕事、得意な作業を担わせる,④給食当番や掃除などに必要なスキルを身につけさせる,⑤いつも楽な仕事ばかり担わせることがないよう一定の配慮をする,⑥役割をきちんと果たせたらほめる,⑦本人だけでなく、ほかの子どもも同じようにほめる,⑧役割を担えなかったときは、どうしたらできるかを話し合う,⑨グループ内のメンバーに配慮しふざける子どうし、衝動性の高い子どうしを一緒にしない, ,,
スムーズに会話する,話すはなす/ADHD,最新図解　ADHDの子どもたちをサポートする本　榊原洋一 (著) ,人の話をさえぎって割り込んだり、自分の言いたいことを一方的に話したりしてしまう子がいます。人の話を聞く姿勢や会話の基本マナーを身につける必要があります。,①人の話を最後まで聞く練習をする,②話したいときは「ちょっと話してもいい？」と断ることを教える,③コミュニケーションをスムーズにすることばの使い方をクラス全員で確認する,④一人で長時間話してしまわないように順番に話すことを理解させる,⑤状況に合った話をするように指導する,⑥話し合いをするときは、ほかの人の意見も聞くように指導する,⑦友だちどうしの会話で周りの子が困っていたら、「みんな困っているよ」などと踏み込み過ぎない程度に介入する, , , ,,
けんかをしない,友達ともだち/ADHD,最新図解　ADHDの子どもたちをサポートする本　榊原洋一 (著) ,衝動性が高い子の場合、ほかの子どもと衝突し、けんかになることがあります。衝突しやすい相手を遠ざけたり、怒りの感情をコントロールする練習をしたりして、トラブルを回避させましょう。,①暴力は”絶対にだめ”というルールをクラス全員で確認する,②衝突しやすい相手を近くの席や同じグループに入れないようにする,③けんかをしたときの状況を思い出させ、デメリットに気づかせる,④お互いの言い分を聞き、誤解があるときは本心を代弁してあげる,⑤けんかになりそうな雰囲気になったら、どちらか一人にお手伝いをお願いするなどして、二人を引き離す,⑥どうすればけんかをせずにすんだかを振り返り、ロールプレイなどを通じて考えさせる, , , , ,,
乱暴なことばを使わない,話すはなす/ADHD,最新図解　ADHDの子どもたちをサポートする本　榊原洋一 (著) ,とっさに乱暴なことばを使ってしまい、日常的にほかの子どもとおだやかにかかわれない子がいます。厳しく叱るのではなく、人と好意的にかかわれている子をほめて、手本とさせるようにします。,①言われたらうれしい「ふわふわことば」を使い、人を傷つける「ちくちくことば」は使わないようにクラス全員で約束する,②「ふわふわことば」を使えたときはシールを与え、１０枚たまったらごほうびをあげる,③ことばづかいがていねいな子どもを名指ししてほめる,④ふだん乱暴なことばを使う子が、やさしいことばづかいをしたときにはすかさずほめる,⑤イライラして乱暴になっているのであれば、背景にあるストレスを探り、取り除いてあげる,⑥クラス内で乱暴なことばが目立つようなら、「注意は先生がする」というルールにし子どもどうしで注意し合うことをやめさせる, , , , ,,
からかわれたときの対応,友達ともだち/ADHD,最新図解　ADHDの子どもたちをサポートする本　榊原洋一 (著) ,ADHDのある子はからかいやいじめの対象になりやすいといえます。”親しみを込めたからかい”と”いじめ”との区別はつきにくいですが、本人が不快と感じるケースでは、相手にやめさせます。,①悪意のあるからかいや明らかないじめはすぐにやめさせる,②本人がいじめられていることに気づいていない場合は相手から引き離す,③１日の振り返り日記を書かせて、いじめの兆候を早めにキャッチする,④おたがいに誤解されやすいからかい方をしないよう指導する,⑤本人の特性を周りの子に理解させる,⑥親しみを込めたからかいにどう反応してよいかわからず悩んでいる子には、適切な対応のしかたを教える,⑦親しみを込めたからかいに過剰に反応してしまうケースでは、相手に好意があり、冗談だったことを説明して理解を促す,⑧言い返すことができない子の場合は、その子の思いを先生が代弁する, , ,,
かんしゃくへの対応,感情のコントロール/ADHD,最新図解　ADHDの子どもたちをサポートする本　榊原洋一 (著) ,感情コントロールの困難さから、かんしゃくを起こす子もいます。かんしゃくを起こしたときは無視をし、おさまったらほめます。かんしゃくを起こしやすい状況をつくらない配慮も必要です。,①かんしゃくを起こしたときは、基本的には無視をする,②本人や周りの子に被害が生じないよう安全を確保する,③静かな場所に連れて行き、怒りを発散させる,④激しく怒りをぶつけている最中は刺激しないようにする,⑤かんしゃくがおさまったらほめる,⑥かんしゃくを起こしそうな状況を事前に回避する,⑦かんしゃくを起こさずがまんできたときにはおおいにほめる,⑧「かんしゃくを起こしても言い分は通らない」というルールを認識させる,⑨日ごろから負けや失敗を受け入れる練習をしておく, ,,
怒りや衝動を抑える,感情のコントロール/ADHD,最新図解　ADHDの子どもたちをサポートする本　榊原洋一 (著) ,衝動性が高い場合、ささいなことでカッなりやすく、その怒りをコントロールすることが難しくなります。自分の怒りに気づき、それを受け止めたうえで、気持ちを落ち着ける方法を探します。,①怒りの感情を数値化し、客観的にとらえさせる,②怒りがこみ上げてきたときは、いったんその場から離れさせる,③深呼吸をする、水を飲むなど、怒りを爆発させずにすむ方法を見つけさせる,④本人の怒りの気持ちを代弁し、共感してあげる,⑤本人がどのことば、どの行動にイライラするのか分析し、その状況を起こりにくくする,⑥自分で怒りを抑えられたときはおおいにほめる,⑦親や先生が怒りのコントロールのしかたの手本を示す,⑧空腹や眠気、暑さなどの不快な状況を改善する（ストレスが怒りを増大させる）, , ,,
不利な状況を受け入れる,感情のコントロール/ADHD,最新図解　ADHDの子どもたちをサポートする本　榊原洋一 (著) ,先生に注意されたときに素直に謝れなかったり、話し合いの場で反対意見を出されると攻撃的な態度をとったりする子がいます。自分にとって不利な状況も、現実として受け止める練習が必要です。,①先生の忠告や注意を受け入れないときは、少し時間をおいて冷静になってから説明し、理解させる,②忠告や注意は一対一の状況で伝える,③合わない先生もいるため、同じ忠告をほかの先生からしてもらう,④競技やゲームで自分の負けを認めたがらない場合は、「しかたない」「次がある」などのキーワードで気持ちを切りかえさせる,⑤競技やゲームの前に、勝敗がつき、勝つことも負けることもあること、両方の結果を予測しておくべきことを理解させる,⑥班の話し合いなどで反対意見や批判を冷静に受け止められないときは、時間をおいてから反論の場をもうける,⑦話し合いをはじめる前に、反対意見が出ることや多数決で自分の意見が通らないことがあることを理解させる, , , ,,
お手伝いをする,取り組むとりくむ/ADHD,最新図解　ADHDの子どもたちをサポートする本　榊原洋一 (著) ,家庭では家事を家族で分担し、子どもにもお手伝いをしてもらいます。小さなことでも役割を担い、それを果たしていくことが自信になるとともに、生活スキルの向上にもつながります。,①子どもの年齢やスキルレベルに合った家事で、毎日続けられることを担当させる,②家族全員が最低でもひとつは家事を担当する,③最初に家事のやり方を教え、できるようになるまで手伝う,④失敗しても叱らない,⑤上手にできたときや自主的に工夫したときなどは、とくによくほめる,⑥お手伝いができたときは、そのつど感謝のことばをかける,⑦ほかの家族とも、お互いに感謝し合うようにする, , , ,,
きょうだいへの配慮,兄弟きょうだい/ADHD,最新図解　ADHDの子どもたちをサポートする本　榊原洋一 (著) ,親がADHDの子どもにかかりきりになると、きょうだいが寂しい思いをすることもあります。きょうだいの子にも、親の愛情を存分に感じさせる時間をつくってあげる必要があります。,①きょうだいの子が親を独占して甘えられる機会をつくる,②きょうだいげんかのときなどに、どちらかの肩をもたない,③きょうだいの子をがまんさせない,④きょうだいの子もADHDの子と同じようにほめる,⑤ADHDの子ときょうだいの子を比較しない,⑥きょうだいの子に、ADHDの子の特性を理解してもらい、接し方で注意すべき点を伝えておく,⑦きょうだいの子にADHDの子の世話を頼まない,⑧きょうだいの子が、ADHDの子の特性について聞いてきたときは、障害特性をわかりやすく説明する, , ,,
"""居場所""を増やす",居場所いばしょ/ADHD,最新図解　ADHDの子どもたちをサポートする本　榊原洋一 (著) ,クラスの居心地が悪ければ、図書室や保健室に”居場所”を求めることもできます。近所の友だちとのコミュニティや習い事など、学校の外にも、”居場所”の選択肢を増やしておくことが大切です。,①教室にこだわらず、本人にとって居心地のよい場所を学校のなかで見つけさせる,②本人を受け入れてくれる子どもや仲間を見つけられるよう支援する,③クラブ活動などで、同じ趣味をもつ子どもとふれあう機会をつくる,④近所のあそび仲間と過ごす時間を尊重する,⑤本人の関心が高い習い事や、スポーツ教室などに参加させる,⑥ADHDのサポートグループなどに親子で参加してみる,⑦家庭と学校以外に本人が安心して時間を過ごせる場所や活動を見つける, , , ,,
不登校の心配があるとき,不登校ふとうこう/ADHD,最新図解　ADHDの子どもたちをサポートする本　榊原洋一 (著) ,遅刻や早退、欠席が増えたときは不登校の心配があります。家庭と学校で密に連絡をとり合い、無理に学校に行かせようとするのではなく、心を休める期間をつくりながら、必要な環境改善を行います。,①連絡なく欠席や遅刻をした場合は、学校から親に連絡をする,②行きたくない理由を子どもから聞く,③原因を本人が話したがらない場合は、周りの子どもに聞いてみる,④学校に原因がある場合は、その原因を取り除くよう努める,⑤朝起きられないなど、家庭の生活リズムに原因がある場合は、生活改善を行う,⑥学校での役割や居場所を確保し、登校のきっかけをつくる,⑦教室登校にこだわらない（保健室登校なども受け入れる）,⑧休みの期間を安易に延長させない,⑨休憩をとらせるときは期限を切るようにする, ,,
ひらがなの読みが覚えられない①,読みよむ読みよみ,特別支援教育をサポートする読み・書き・計算指導事例集 梅田真理(編著),文字と読みをキーワードでつなぐ,●子どもが名前を知っている物（キーワード）を絵や図で示した「絵カード」と、キーワードのはじめの一文字を記した、「文字カード」を作成し、交互に見せながら文字に意味づけをして覚えていく。,①キーワードを言う　「かめ」の絵カードを見せ「かめ」と言わせる。,②キーワードの音を抽出させる　「かめ」の絵カードを見せ、はじめの一文字の「か」と言わせる。,③キーワードの絵と文字を対応させる　「かめ」の絵カードを見せて「か」と言わせながら、「か」の文字カードを見せる。,④文字からキーワードを想起させ音を抽出させる　「か」の文字カードを見せながら、「かめ」→「か」と言わせる。,⑤文字のみで音読させる　「か」の文字カードを見せ「か」と言わせる。, , , , ,,
ひらがなの読みが覚えられない②,読みよむ読みよみ,特別支援教育をサポートする読み・書き・計算指導事例集 梅田真理(編著),ゲームで音韻を意識する,①先生がそれぞれの面に、子どもが名前を知っている単語の絵を貼り、「音韻サイコロ」を作成する, , , , , , , , , ,,
ひらがなの読みが覚えられない③,読みよむ読みよみ,特別支援教育をサポートする読み・書き・計算指導事例集 梅田真理(編著),文字カードで覚える,●「ね　め　ぬ　わ」など複数個のひらがなが書かれたカード、またはスライドを提示し、「『め』はどれ？」と問い、子どもは指して答える。●あわせて、「五十音表」も活用して文字を確認していく。,●ひらがな１文字が書かれたカードを提示し、子どもは３秒以内に音読する。, , , , , , , , ,,
ひらがなの読みが覚えられない④,読みよむ読みよみ,特別支援教育をサポートする読み・書き・計算指導事例集 梅田真理(編著),ひらがな絵カードで文字に意味づけ,①子どもが正しく覚えられていない、ひらがなを確認する。,②①が語頭にきて（「ん」の場合は語中）、本人になじみのある単語と、その絵で「ひらがな絵カード」を作成する。,③「ひらがな絵カード」を連続して提示し、子どもにも見せる。このとき、「りんごの『り』」などと、必ず絵（単語）と文字をセットで読ませる。,④はじめはカードの絵を大きめにして強調し、スムーズに言えるようになったら、絵を小さめにしてカードを作成し、同様に読ませる。,⑤最後は文字のみのカードで読みを定着させる。, , , , , ,,
ひらがなを単語のまとまりで読めない①,読みよむ読みよみ,特別支援教育をサポートする読み・書き・計算指導事例集 梅田真理(編著),文字をまとまりで区切る練習,①１５文字程度のひらがな文を提示する。,②子どもは、文を意味のわかるまとまりで区切り、印をつける。,③先生は、区切りが正しいかを確認する。,④子どもは、文節の区切りの「間」を意識して音読する。,⑤先生は、子どもが音読した文に関するクイズを出題し、正解できたら次の問題へ進んでいく。, , , , , ,,
ひらがなを単語のまとまりで読めない②,読みよむ読みよみ,特別支援教育をサポートする読み・書き・計算指導事例集 梅田真理(編著),単語カードで読みを定着させる,①さまざまなじゃんるの図鑑（動物・乗り物など）や絵本を用意し、子どもと一緒に読みながら図や絵の名前を確認していく。,②先生がお題を提示し、交互にあてはまる単語（名前）を出しあう。子どもが単語を思い浮かべられないときは、再び図鑑で調べたり、先生がヒントを出したりしながら１人５単語（２人で１０単語）を出す。,③出しあった単語を、子どもは小さなカードのマスに書き、先生は子どもが書いたカードの文字をパソコンに入力し、スライドを作成していく。,④子どものカード（または先生のスライド）を、瞬間的に連続で提示しながら、単語をまとまりで読む練習をしていく。, , , , , , ,,
ひらがなを単語のまとまりで読めない③,読みよむ読みよみ,特別支援教育をサポートする読み・書き・計算指導事例集 梅田真理(編著),意味のまとまりを捉えやすくする,①広告や雑誌などの絵や写真を切り抜いてカードに貼り、裏面にその物の名前を書いて、「ひらがなマッチングカード」を作る。,②一緒に読んで、読み方を確認する。その際、一音ずつ切らずに続けて読めるよう先生が手本を示す。,③先生と子どもでゲームを行う。,④１枚ずつスムーズに読めるようになったら、カードの文字側を表にして数枚並べて続けて読んだり、くり返しすばやく見せたりして使う。, , , , , , ,,
スムーズに読めず逐次読みになる①,読みよむ読みよみ,特別支援教育をサポートする読み・書き・計算指導事例集 梅田真理(編著),メトロノームでテンポ読みの練習,①メトロノームを使い、子どもが乗ることができる速さのテンポを探す。,②①の速さよりゆっくりのテンポを流し、手拍子を合わせる。,③２音の無意味音節（意味のないことば）をパソコン画面でランダムに提示する。,④次の２つの条件をクリアできたら３音へ、というようにステップアップして、４音までの音読がスムーズにできたらテンポを速めていく,⑤定着の状況にあわせてさらにテンポを速め、最終的にテンポ120（1拍に１文字）で読めるよう練習する,⑥テンポを意識しながら短文音読を行う, , , , ,,
スムーズに読めず逐次読みになる②,読みよむ読みよみ,特別支援教育をサポートする読み・書き・計算指導事例集 梅田真理(編著),音読の課題を意識する,①はじめに,②「『。』のところまで正確に読もう」などと、音読における子どもの課題を伝える。,③文章を「黙読」させ、大まかに内容をつかませる。,④そのなかで、わからない・読めない文字があれば確認する。必要に応じて、文節に区切り線をつけるなどして、音読のときのポイントにする。,⑤文章を「音読」させる。,⑥うまくできたところを伝えて意識させ、もう一度「音読」させる。,⑦最後にプリントなどで文章問題を解き、内容を理解できているか確認する。, , , ,,
カタカナが正しく読めない①,読みよむ読みよみ,特別支援教育をサポートする読み・書き・計算指導事例集 梅田真理(編著),ひらがなと関連づけて覚える,●身近な単語のひらがなとカタカナを併記し、ひらがなの読みをとおしてカタカナを覚えていく,●ひらがなと形が同じ、または似ている文字をカードにし、先に覚えていくようにする。,●間違えやすい文字を抜き出し、プリントなどに取り組みながら、字体の似ている部分と違いに注目させて覚えていくようにする。, , , , , , , ,,
カタカナが正しく読めない②,読みよむ読みよみ,特別支援教育をサポートする読み・書き・計算指導事例集 梅田真理(編著),カタカナ絵カードでの学習,一日に数枚、絵を見ながら文字の読みを確認し、かるたのように「カタカナ絵カード」を並べて、先生の言った文字のカードを取らせる。慣れてきたら、次のような方法で学習していく。,●「ツとシ」「ンとソ」「マとア」など、形の似ている文字を抽出して読みの練習を行う。,●一文字ずつ連続で提示して読ませる。,●文字のみが書かれた裏面を並べて取らせる。, , , , , , ,,
カタカナが正しく読めない③,読みよむ読みよみ,特別支援教育をサポートする読み・書き・計算指導事例集 梅田真理(編著),ことば探しシートによる指導,①単語を表した絵の下に、その絵に読みとして正解の単語と、よく似た不正解の単語を書いた用紙を作成して提示する。,段階１：文字のつづりがまったく異なる語（同じ仲間であったり、意味は似ている）,段階２：同じ文字からなるが、文字の順序が異なる語,段階３：語尾が異なる文字と置き換えられている語,段階４：よく似た文字と置き換えられている語,②正しい単語を指すことができたら、先生が用紙をめくりながら、次々と違う絵と単語が書かれたシートを提示していく。,③時間を計測しながら、５～１０枚ほどを先生と競争するなど、ゲームのように取り組ませる。, , , ,,
適切な速さで読めない（早い/遅いなど）,読みよむ読みよみ,特別支援教育をサポートする読み・書き・計算指導事例集 梅田真理(編著),早口ことばで読む練習,①子どもに「早口ことばカード」を見せて、一度自由なスピードで読んでもらう（ここでは、読みのスピードに関する指導は行わない）。,②次に、同じ文章を先生が読み、子どもに同じ速さで復唱してもらう。これをくり返し、先生は標準的な速さをベースに、早く読んだり、ゆっくり読んだりと読むスピードを段階的に切り替えていく。,③さまざまな読みの速さ（３段階以上）で練習し、自分になった速さや読み方を見つける。見つけた読み方で、スムーズに読めるようになるまでくり返し練習する。, , , , , , , ,,
ひらがな・カタカナ・漢字の混ざっている文がスムーズに読めない,読みよむ読みよみ,特別支援教育をサポートする読み・書き・計算指導事例集 梅田真理(編著),●教科書の該当ページをコピーし、カタカナの部分に視覚的に工夫する,・蛍光ペンで塗る,・カタカナを◯で囲む,・スラッシュで区切りを入れる,①子どもと先生が声をそろえて教科書を読む,・音読したときに、子どもが省略したり置き換えたりして読んだところに印をつける。,・省略したり置き換えたりしたことに子ども自身が気がつき、読み直したらほめる。,②読み終えたら、印がついた文を読み直す。そのとき、読んでいるところから後ろの文章は音読補助シートなどで隠す。,③２回目からは、先生は小さめの声で子どもの声に寄り添うようにして読む。,④正確に読めたところは印を消し、うまく読めた実感をもたせる。, ,,
文字や行などを飛ばして読む,読みよむ読みよみ,特別支援教育をサポートする読み・書き・計算指導事例集 梅田真理(編著),①使っている教科書を読み、どんなことに困っているかを本人とと確認する。,②文字が多い、どこを読んでいるわからなくなるという理由であれば、以下の方法を試し、どの方法が効果的かを確認させる,・１文字ずつ提示した文章を読む,・１行ずつ定規や下敷きで目隠しした教科書を読む,・指さしをさせながら読む,・音読補助シートを使って、教科書を読む,③音読補助シートを使って読むことが効果的であると実感できるようであれば、本人とそれが必要な支援であることを確認し、「上手に読むために」活用を勧める。,④次回通級時に活用した感想を聞き、シートの改良（スリットの大きさなど）が必要であれば行う。,, , ,,
省略したり置き換えたりして読む,読みよむ読みよみ,特別支援教育をサポートする読み・書き・計算指導事例集 梅田真理(編著),音読の課題を意識する間違い探し,①子どもは先生の音読に合わせて、「音読間違い探しプリント」を黙読する。,②次に先生が音読する。音読中、わざと文末や音が似ている別の単語に読み間違える。,読み間違いの例,・日本一のいいむすめになりました。,・世界一のいいむすめになりました。,③子どもは、先生の読み間違いに気づいたら、◯✕ブザーなどで指摘して正しい読み方に訂正する。,④先生は、指摘が正しければ次に進む。指摘が間違っている場合は訂正する。, , , ,,
似ている文字を間違えて読む,読みよむ読みよみ,特別支援教育をサポートする読み・書き・計算指導事例集 梅田真理(編著),文字の特徴に注目する,①子どもが似ていて間違えやすい文字を確認する。,②「紙皿文字」を作り、先生がゆっくり切れ目を動かし、子どもに出てくる文字を予想させる。,③活動を何度か行い、文字の「形の違い」を確認したら、紙皿の文字を使った単語を考えさせる。,単語例,「め」と「ぬ」→「かめ」「ぬりえ」　,「ろ」と「る」→「ろば」「るすばん」,「れ」と「わ」→「れもん」「わに」など,④色鉛筆やクレヨンなど、子どもの好きな筆記用具で考えた単語を書く練習をさせる。, , ,,
漢字が読めない①,読みよむ読みよみ,特別支援教育をサポートする読み・書き・計算指導事例集 梅田真理(編著),生活漢字を探す,①子どもにデジタルカメラを持たせ、指導者と校内を歩き、漢字が書かれている表示物を見つけさせる。,②表示物を見つけたら、先生は表示物の漢字の読み方と意味を子どもと一緒に確認する。,③子どもに、気に入った表示物の写真を撮ってもらう。,④先生は撮った写真を印刷し、漢字の読み方を子どもと再確認する。,⑤子どもは、覚えた漢字の写真をファイルに綴る。, , , , , ,,
漢字が読めない②,読みよむ読みよみ,特別支援教育をサポートする読み・書き・計算指導事例集 梅田真理(編著),絵で漢字を読む練習をする,①子どもが読む正しく覚えていない漢字を確認する。,②漢字とそれを表す絵が描かれたカードの半分を隠し、はじめは絵だけを見せて、隠れている漢字を当てさせる。絵の意味から推理するようにアドバイスし、クイズ形式で進める。,③正しく言えても言えなくても、漢字の形をしっかり見せて、読み方につながるキーワードや、覚えるポイントを伝える。,④全部言えるようになったら、今度は絵を隠し、漢字だけを見せて、読み方を言わせて確認する。, , , , , , ,,
漢字の音読み・訓読みが正しくできない,読みよむ読みよみ,特別支援教育をサポートする読み・書き・計算指導事例集 梅田真理(編著),いろいろな方法で文字を覚える,①漢字の成り立ちを確認し意識させる,②漢字の訓読み・音読みを教える　訓読み…ちいさい・こ・お　音読み…ショウ,③その漢字を使ったことばを見つける　「小さい」「小学校」「小鳥」,④その漢字を使い、文を作ってみる　「小さい花を見つけた」「小鳥はかわいい」,⑤作成した文章を子どもに音読させる, , , , , ,,
音読はできるが、意味の理解が難しい（国語）,読みよむ読みよみ,特別支援教育をサポートする読み・書き・計算指導事例集 梅田真理(編著),紙芝居により視覚的補助を提示する,①音読の前後に、内容に関する写真や絵、図などの視覚的補助を提示し、提示した絵について、いくつかポイントになることを確認する。,②子どもに文章の音読をさせる。,③写真や絵、図をもとに、先生が子どもに内容についての質問をしながら、文章の意味理解をうながしていく。, , , , , , , ,,
音読はできるが、意味の理解が難しい（算数）,読みよむ読みよみ,特別支援教育をサポートする読み・書き・計算指導事例集 梅田真理(編著),文の細部を読み解く練習,①文章題のプリントを提示する,②子どもは問題文を音読し、問題を解く。,③その間先生は、つねにようすを見て、子どもの発するつぶやきや立式方法から誤答しそうになっていたら、◯✕ブザーの「✕」で知らせる。,④子どもは、文節の区切りの「間」を意識して音読する。そのつど問題を見直し、訂正する。,⑤先生は、子どもが誤りに気づき、正しく訂正できたら、◯✕ブザーの「◯」で知らせる。,⑥解答の採点をし、正解なら次の問題に進む。, , , , ,,
ひらがなが書けない①覚えて書けない,書くかく書きかき,特別支援教育をサポートする読み・書き・計算指導事例集 梅田真理(編著),「ひらがな歌」で覚える,①ひらがなを行ごと（あ～わ行）に分けて、それぞれの文字で「ひらがな歌」をつくる,②ひらがな歌を歌いながら文字を書いていく。,あ行の「ひらがな歌」,あ→あいさつ　げんきに　がんばろう　い→いちごは　うまい　う→うさぎが　いっぱい　え→え　じょうずにかけたね　お→おにぎり　いっぱいたべたい　ね,歌いながら文字を書いていく　う　うさぎが（１画目）いっぱい（２画目）, , , , , ,,
ひらがなが書けない②手指の動きがぎこちない,書くかく書きかき,特別支援教育をサポートする読み・書き・計算指導事例集 梅田真理(編著),トランプやゲームで手指を鍛える,遊び方：スピード,①２人で向かい合って座る。,②ジョーカーを除き、トランプを黒と赤に分けてからシャッフルし、どちらかを持つ。,③自分の場に、手札を２枚表向きに並べて置き、残りは裏はしたまま待つ。,④かけ声の合図とともに、自分の手札の一番上のカードの表を上にして２人同時に台場に置く。,⑤台場の2枚の札の上に（自分と相手どちらが出したカードの上でもよい）、自分の場にある２枚の札から、番号続きになるカードを出していき、自分の手札がなくなるまで続ける。,⑥子どもがカードを片付ける。,スーパーサッカースタジアム, , ,,
カタカナを覚えて書けない,書くかく書きかき,特別支援教育をサポートする読み・書き・計算指導事例集 梅田真理(編著),声に出しながらなぞって覚える,①子どもが間違いやすいカタカナ、混同しやすいカタカナを調べる。,・「ミ」の傾きが逆　・「コ」「ヨ」の方向が逆　・「ナ」「ノ」の方向が逆など,・「ク」「ワ」「ウ」の混同、・「シ」「ツ」の混同、「ソ」「ン」の混同、・「カ」「ヤ」の混同など,②書き方（注意するポイント）を声に出しながら、「カタカナ書き方シート」の大きな文字を指でくり返しなぞる。,③次に鉛筆を持ち、ノートなどに同じように声に出しながら書いていく。, , , , , ,,
ひらがなやカタカナが書けない,書くかく書きかき,特別支援教育をサポートする読み・書き・計算指導事例集 梅田真理(編著),類推文を読ませ答えを一緒に考える,①解答のはじめの文字が、五十音別に統一された、類推文の問題プリントを用意する,②こどもは問題に取り組む。取り組むなかで、解答がわからずヒントが欲しい場合は先生に伝える。,③先生は、解答を直接書き込むか、子どもに文字を教えて書かせる。,問題例,①そらからおちてくるなみだはなに？→あめ,②じめんにトンネルをほるちいさなむしはなに？→あり,③せっけんをつかうとぶくぶくでてくるものなに？→あわ, , , ,,
筆圧が安定しない（弱い/強い）,書くかく書きかき,特別支援教育をサポートする読み・書き・計算指導事例集 梅田真理(編著),筆圧に合わせた筆記用具を選ぶ,筆圧が弱いとき,手先（とくに親指と人指し指の２本）に力が入りにくかったり、適切な力の配分ができなかったりすると筆圧が弱くなりやすい。,→握りやすく、少しの力でもしっかりと字が書ける、濃い鉛筆を選ぶ,筆圧が強いとき,鉛筆の持ち方が正しくなかったり、前屈みで字をのぞき込むようにしているなど、姿勢に問題があると筆圧が強くなりやすい。,→姿勢に配慮し、親指と人指し指、中指の３本でもちやすい鉛筆を選ぶ, , , , ,,
文字の形が整わない・マス目からはみ出してしまう①,書くかく書きかき,特別支援教育をサポートする読み・書き・計算指導事例集 梅田真理(編著),感覚を感じとれる工夫,さまざまな質感の材料を活用して、「感覚」を意識できるように工夫する。休み時間なども利用し、手に伝わる感覚から、手元を意識できるような体験を増やしていくのもよい。,地面にチョークで絵で絵や線を描く,砂に指や棒を使って文字を書く,紙やすりを紙の下に敷き、塗り絵や絵を描く（１８０番ほどの粗さがよい）,凸凹した段ボール紙に、直接クレヨンなどで絵を描いたり、紙の下に敷いたりする。,レインボーペーパーシートに、直接絵や線を描く。カラフルないろが、描いている物への注目を引き出しやすい。,, , , ,,
文字の形が整わない・マス目からはみ出してしまう②,書くかく書きかき,特別支援教育をサポートする読み・書き・計算指導事例集 梅田真理(編著),手元を意識する練習,指先を細かく動かす練習,●手の小指側の側面を紙につけ、手をその位置から動かさないようにしながら、指先だけ動く範囲の大きさの円やギザギザ線を描く。,●小さく縮小した塗り絵を塗る。,枠を意識する練習,色で強調したマス目や枠、太くした枠、マス目のなかに色をつけた用紙などに文字を書いたり、厚紙でフレームをつくり、そのなかに文字や線を書いたりする。,市販の国語８マスノートのマス目の大きさで正方形の穴がくり抜かれており、書き取りや、マス目に合わせ文字を書くことが苦手な子どもに対し「マス目に文字を収める」「文字のバランスをとる」「消しゴムで消す」など、さまざまな練習に対応できる教材。,●正方形のフレームのフチに鉛筆があたり、文字をマス目からはみ出さずに書くことができる。,●シリコンゴム製のため滑りにくく、フレームの印をマス目に合わせると、子どもでも簡単に使用できる。,●消しゴムで文字を消すときに、ほかの文字まで消してしまうのを防げる。, ,,
正しい書き順を覚えられない,書くかく書きかき,特別支援教育をサポートする読み・書き・計算指導事例集 梅田真理(編著),絵描き歌方式で書き順を覚える,活動のウォーミングアップとして、腕を大きく動かして漢字を空書する「漢字体操」を行う。空書は、視覚刺激として残らないため、画数が少ない漢数字や部首、「艹」「川」「口」「木」といった一年生漢字を扱う,①学習する漢字の書き順に従って「絵描き歌（歌詞）」を考える。,②先生が、自由に節をつけて絵描き歌を唱えながら、漢字を黒板（またはホワイトボード）に書いて見せる。,③子どもは、先生と歌詞を唱えながら漢字を何度か書いて練習する。,④子どもがひとりで唱えながら漢字を書く。, , , , , ,,
漢字を覚えて書けない①,書くかく書きかき,特別支援教育をサポートする読み・書き・計算指導事例集 梅田真理(編著),漢字を言語化して覚える,①先生が、画要素や組み立てを言語化させる。,②書き順に沿って漢字の画要素を言い、子どもはそれを反復しながら書く練習をしていく。, , , , , , , , ,,
漢字を覚えて書けない②,書くかく書きかき,特別支援教育をサポートする読み・書き・計算指導事例集 梅田真理(編著),部分に着目し全体の構成を覚える,手本をよく見て書き写すという方法では習得が難しい場合、以下のような方法で意味づけを行いながら学習するとよい,①先生が、ノートやノートサイズのホワイトボードに学習する文字を書き、子どもに文字をいくつかのまとまりに分けさせる（いくつに分けるか提示する）。子どもは赤いマーカーで、まとまりを丸く囲む。,②並行して部首の学習を行い、形と一緒に意味も覚える。漢字が一文字記された「漢字カード」で、同じ部首を含む漢字を複数集めて共通点を確認する,③文字を構成する部首に切り分けられた「漢字パズルを行いながら、漢字を構成する部分を意識する。,④文字の構成がイメージできるようになったらノートに書いて練習する。, , , , , ,,
漢字を覚えて書けない③,書くかく書きかき,特別支援教育をサポートする読み・書き・計算指導事例集 梅田真理(編著),漢字の意味を意識する,①先生は、同じ読み方だが、意味の異なる漢字を含んだ文章のプリントを用意する。,②子どもは、先生と一緒に意味の違いを確認しながら、正しい漢字を選択する。,③正しい漢字を選んだら、プリントの枠に記入していき、文章を完成させる。, , , , , , , ,,
漢字の字形が整わない,書くかく書きかき,特別支援教育をサポートする読み・書き・計算指導事例集 梅田真理(編著),字形をイメージできるよう補助する,①文字全体に対する部首のバランスがわかる「字形バランスカード」を子どもに見せながら、ポイント口頭で伝える。,②「字形バランスカーオ」を見ながら、マス目が書かれた用紙に、部首をバランスよく書けるように練習する。,③バランスよく書けるようになったら、その部首が含まれる漢字をいくつか選び、部首以外の部分を先生がフェルトペンで書き、子どもに部首部分を書き足せる。,④文字全体のバランスが整ってきたら、マス目や罫線のほかに灰色の補助線が入った「字形バランスカードワークシート」使って、ノートや作文を書く練習をする。, , , , , , ,,
漢字の送り仮名が覚えられない,書くかく書きかき,特別支援教育をサポートする読み・書き・計算指導事例集 梅田真理(編著),「送り仮名学習シート」で学習する,①「送り仮名学習シート」に、学習する漢字を書かせる。,②記入した漢字の送り仮名をともなう読みを教え、いくつかのことばを子どもに考えさせる。,例：遊ぶ　遊ばない　遊ぼう　遊べなど,③漢字の読み仮名を、漢字の右脇のマス目に色ペンで書かせる。,④考えたことばの送り仮名部分を「送り仮名学習シート」の下部のマス目に鉛筆で記入させる。,⑤「送り仮名学習シート」の赤線部分を山折りにして下部を見えないようにし、漢字部分の読みを強調するようにシートを見ながら子どもと何度も音読する。,, , , ,,
見て書くことが難しい①単語をまとまりで覚えて書けない,書くかく書きかき,特別支援教育をサポートする読み・書き・計算指導事例集 梅田真理(編著),カードを使い視写する練習,①先生が短文を提示する。,②その下に単語のまとまりを意識できるよう、絵カードを提示する。,③子どもはそれをもとに、文章をまとまりで書くよう練習する。,活動になれてきたら、写すべきことばをラインマーカーなどで単語ごとに強調し、その部分をまとまりとして意識できるよう指導へ進めていく。, , , , , , ,,
見て書くことが難しい①黒板のどこを見るのかわからない,書くかく書きかき,特別支援教育をサポートする読み・書き・計算指導事例集 梅田真理(編著),書きやすくなる工夫をする,①板書をわかりやすくする。,②板書内容を子どものノート形式で書いておき、手元に見本として置く。,・板書の量は少なめにする・行間をあける・ことばや文章は短く、簡潔に・写す部分を色チョークで囲むなど,書く量を減らす,①板書内容を記入したワークシートを用意し、穴埋め式で書かせる。,②プリントや友だちのノートをコピーし、ノートに貼ってもよいことにする。, , , , ,,
聞いて書くことが難しい,書くかく書きかき,特別支援教育をサポートする読み・書き・計算指導事例集 梅田真理(編著),音で区切って聞き分ける練習,STEP1,①先生が、「りょこう」「どりょく」など、「りょ（拗音）」が入った単語を区切りながらスピーチホースを使い、ゆっくり発音する。,②子どもはスピーチホースを耳にあて、区切りに何番目に「りょ」があるか聞き、並んでいるカップ「りょ」の場所におはじきを入れる。,STEP２,①「りょ・りょ」と同じに聞こえた場合→「同じ」書いたカップにおはじきを入れる。,②「りょ・わ」「よ・りょ」など違って聞こえた場合→違うと書いたカップにおはじきを入れる。,STEP3,「りょかん・りょかん」「よかん・りょかん」など間違う音の入った単語について、同じか違うか聞き分けを行う。,STEP4,●「りょこう」「りょかん」などの単語をゆっくり発音して聞かせ、文字を書かせる。「う」と「ん」など、ほかの文字についても、同じ手順で進めていく。,,
作文が書けない①,書くかく書きかき,特別支援教育をサポートする読み・書き・計算指導事例集 梅田真理(編著),「作文メモ」で場面を整理する,①子どもが体験したことなどを先生に話す。,②話した内容を「いつ」「どこで」「だれが」「なぜ」「なんのため」の項目に分けて、作文メモシートに書き込んでいく。,③順番を考えて、項目に分けた場面に番号を振る。,④先生と子どもで、はじまりと終わりの文章についてどのような内容にするかを一緒に考える。,⑤子どもは作文用紙に、はじまりの文章から書く。そのとき、次の場面の項目を見ながら、必要な接続詞などについても先生と一緒に考えながら進めていく。,⑥終わりの文章まで書き終えたら、最初から最後まで声に出して読む。,⑦先生は、作文が書けたことをほめて次回への自信につなげる。, , , ,,
作文が書けない②,書くかく書きかき,特別支援教育をサポートする読み・書き・計算指導事例集 梅田真理(編著),「フセン作文メモ」で場面を整理する,①子どもが作文したい「テーマ」について先生と「おしゃべり」をする。先生は、書くときに必要な内容が網羅されるよう、意図的にやりとりをする。,例「いつ」「だれと」「どこで」「なにを」「どのように」「どんなようす」「なぜ」「なんていったの」「どうおもったの」など,②先生は、子どもが話す内容をフセン紙にメモしていく。メモする内容は、子どものレベルに合わせて決める。,・文章でメモするから・単語だけメモするか,③時間軸に沿ってフセン紙を並べ替える。,④フセン紙メモを見ながら作文を書いていく。, , , , ,,
句読点が抜ける①,書くかく書きかき,特別支援教育をサポートする読み・書き・計算指導事例集 梅田真理(編著),句点の必要性を感じさせる,①句点のない文章のプリントを用意して先生が音読し、子どもは文書の区切りに印をつける。,②次に、子ども自身が音読し、①と同様に自分で文章の区切りに印をつける（区切りがないと読みにくいということを実感させる。）,③再度音読させ、句点の位置で「マル」と声に出させる。,④①②をある程度くり返し行ったあと、句点を意識させながら文章を書かせる。, , , , , , ,,
句読点が抜ける②,書くかく書きかき,特別支援教育をサポートする読み・書き・計算指導事例集 梅田真理(編著),読点の必要性を感じさせる,読点の必要性を感じさせる,①読点の位置で、文章の意味が変わる文章があることを子どもと確認する。,②読点の重要性を確認した上で、子どもに読点のない文章を読ませ、息の切れるところ・区切ると意味の通るところで印をつけさせる。,③１文５０～６０文字、読点１～２箇所を目安に読点をつけることを意識させながら、作文などの課題に取り組む。書く際にも、いったん頭のなかで文章を音読させ、読点を意識させて書かせる。, , , , , , ,,
数が正しく唱えられない,計算けいさん,特別支援教育をサポートする読み・書き・計算指導事例集 梅田真理(編著),配列の規則性に気づかせる,①子どもに数を数えさせて、飛ばしてしまう数字を確認する。,②１～５０までの数字が規則的に配列されている「数のプリント１」を提示し、空いているマスに数字を唱えながら書き入れるようにうながす。その際、縦横の数字の変化に気づかせ、十の位、一の位の増えるしくみに注目させる。,③次に「数のプリント」で、１つずつランダムに伝えられた数字を探して「◯」で囲む。どうすれば早くできるか、配列の規則性に気づけるよううながす。, , , , , , , ,,
数を数えたり覚えたりすることが難しい,計算けいさん,特別支援教育をサポートする読み・書き・計算指導事例集 梅田真理(編著),ゲーム感覚で数を把握する練習,算数に対して苦手意識を持っている子どもに対し、「算数」に取り組んでいるという意識を強く持たずに数の把握を練習させる。,①１～１０までの数字を印に置き換えた「数字ビットカード」を作成しゲームを行う。,・カードを裏側にしてランダムに配列する。・先生と子どもで同時に表に返し、それぞれの数字で言う。,・数が多かったほうがポイントをもらえる。・再度、ランダムにカードを配置しなおして行う。子どものモチベーションに合わせて回数を検討していく。,②少しずつ瞬時に数を把握できるよう練習していく。, , , , , ,,
数を量としてとらえられない,計算けいさん,特別支援教育をサポートする読み・書き・計算指導事例集 梅田真理(編著),数量の感覚を理解する,数字を順番に唱えられても数量の大小理解に結びつきにくい子どもに、大きさの変化が視覚的にわかりやすいシートやカードなどを提示し、並べたり比べたりしながら指導していく。,視覚的にわかりやすくする工夫,●量が増えるごとに色の異なる段階状のシートを作成し、大きさの変化を見てわかりやすくする。,●位別に数を分解し、読み方や量をわかりやすくする。,●２、４、６、８…や５、１０、１５…で数えさせるとき、いくつとばしをしているのかが思い出せよう、鉛筆サックに絵をつける。,●１００が１０の重なりだとわかるよう、１０マスが積み上がっているようなイメージで提示する。,,,,,,
１０の合成・分解が難しい①,計算けいさん,特別支援教育をサポートする読み・書き・計算指導事例集 梅田真理(編著),「１０」のまとまりを具体物で指導する,おはじきなどの具体物を用いて１０の合成・分解の指導を行っても、「学ぶ」のではなく「数える」という操作活動になってしまう子どもに、「１０という数がひとまとまりになっている」とわかるような指導をおこなう。,①曲がるストローを１０本用意し、飲み口のほうの部分をまとめて画用紙などでくるむ。,②１０本を分解する数で分けて曲げていき、視覚的に合成・分解の量感をつかんでいく。,,,,,,,,,
１０の合成・分解が難しい②,計算けいさん,特別支援教育をサポートする読み・書き・計算指導事例集 梅田真理(編著),５の合成・分解を理解する,「１０の合成・分解」でつまずく子どもは、「５の合成・分解」がイメージできていなかったり、把握したりするのに時間がかかる場合が多いため、１０の合成・分解を学ぶ前に、５の合成・分解がスムーズにできるまで十分に練習する。,①５個のビー玉を、透明な蓋つきのケースに入れる。,②コルクで低めの仕切り版をつくり、ケースの中央に入れる。,,③ケースを上下に振り、ビー玉を動かす。手前側に見れているビー玉の数から、裏に隠れているビー玉の数を推測する。,④くり返し取り組み、５の合成分解を理解していく。,,,,,,
引き算の意味がわからない,計算けいさん,特別支援教育をサポートする読み・書き・計算指導事例集 梅田真理(編著),数の順番や量の概念を定着させる,引き算の導入として、５までの数の順序や量の概念が育っているか確かめながら、以下のような方法で５までの計算を指導する。,・５までの数字がかかれたカードを作り、小さいほうから並べたり大きいほうから並べたりしながら、「数の順序」を定着させていく。,・数には量があり、「順序に従って増えていく」と理解しているかどうか確かめながら、数の階段などを用いて、段階のように量が増えていくことを学習する。,②５までの数量概念の定着を図りながら、続けて「引き算」の指導をしていく,,,,,,,,
くり上がり・くり下がりの計算が難しい,計算けいさん,特別支援教育をサポートする読み・書き・計算指導事例集 梅田真理(編著),色が手がかりに計算の順番を覚える,①計算方法の手順がわかるプリントを用意する。,②プリントを用いながら子どもに計算方法を説明し、示された順番どおりに計算させる。,③プリントがなくても計算ができるようになるまで練習する。,,,,,,,,,
１０のまとまりで暗算できない①,計算けいさん,特別支援教育をサポートする読み・書き・計算指導事例集 梅田真理(編著),１０のまとまりを理解させる,「１０とび」で数える練習,●１０と書かれたカードを作成して、一列に並べ、子どもはそれを見ながら「１０、２０、３０…」とくり返し唱え、「１０とび」がスムーズに数えられるようにする。,位取り表で計算する,●段ボールで、位取り表を作成する。,●「１０」のシールを貼った押しピンを用意する。,●位取り表に押しピンを張りつけたり、取り外したりして計算していく。,,,,,,
１０のまとまりで暗算できない②,計算けいさん,特別支援教育をサポートする読み・書き・計算指導事例集 梅田真理(編著),位どうしの計算に注目させ暗算へつなげる,十の位にマーカーを引いて注目させる,●教科書などで、横式での計算方法（「１０＋３０」「５０ー４０」など）が提示されたときに、十の位の数にマーカーで色づけし、十の位どうしの数字を足したり引いたりすることに注目できるようにする。,筆算をとおして暗算を覚える,●上記のように教科書の工夫などでも定着が難しい場合は、横式を筆算に書き直した形で指導する。,●暗算を最終目標としながらも、筆算を指導することも一つの手段とし、筆算形式を知ることで十の位どうし、一の位どうしを計算することに気づかせ、暗算につなげていく。,,,,,,,
九九が覚えられない,計算けいさん,特別支援教育をサポートする読み・書き・計算指導事例集 梅田真理(編著),わからない段で九九シートを作る,①子どもが誤りやすい九九の段を確認し、その段で九九シートを作成する。,②数字を隠すキャップ（丸い形に切った紙でもよい）を作成し、答えとなる数字の上に、まばらになるよう置いていく。,③残りのキャップを２～３人程度で同じ枚数に分けて持ち、順番に２つのサイコロを振る。,④２つのサイコロの出た目どうしをかけたところの数字を答える。,・数字の上にキャップがあった場合→隠れている九九の答えが言えればキャップがもらえる。,・数字の上にキャップがなかった場合→手持ちのキャップをその位置に置く,⑤最後に一番多くキャップを持っていた人が勝ち,,,,,
九九が覚えられない②,計算けいさん,特別支援教育をサポートする読み・書き・計算指導事例集 梅田真理(編著),かけ算の意味を理解させる工夫,暗唱できることにこだわらない指導方法,暗唱できることを求めすぎて、子どもが「算数ぎらい」にならないような工夫をする。,暗唱できることを求めすぎて、子どもが「算数ぎらい」にならないような工夫をする。,●「九九表」を手元において手がかりとし、見なくても思い出せるように練習していく。再生（何もないところから思い出す）よりも、再認（手がかりを使って思い出す）の能力をくり返し、時間をかけて、ゆっくり思い出せるようにしていく。,●暗唱する量を調整する。,例：片方の段ができれば、もう一方は暗唱できなくてもよいことにする,・３×８＝２４が言えたら、８×３＝２４は暗唱できなくてもよいことにする。,→「１～５の段」か「５～９の段」どちらかを覚えればよいなど,楽しみながら覚える工夫,九九は「長い文の暗唱」のため、楽しみながら覚えられる工夫をする。また、子どもの得意な能力には違いがあるため、工夫を複数提示し覚えやすい方法を子どもに選択させる。,●九九を歌にするなど、メロディを用いて記憶の手助けとする。,●ゲームなどを用いて、楽しみながら計算力を高める。
筆算がすることが難しい,計算けいさん,特別支援教育をサポートする読み・書き・計算指導事例集 梅田真理(編著),間違い方に合わせた方法で指導する,①子どもが計算を、どこでどのように間違えているのか確認（桁の位置がずれる、くり上がりを忘れる、かける順番が異なる、九九ができないなど）,例：くり下がりのある引き算の筆算で、減加法で指導しても習得が難しい,減減法（引いてさらに引く）での指導,①引かれる数の一の位に合わせて、引く数を分解する,②引かれるほうの一の位を相殺する,③残りの数を引く,例：かけ算の筆算で、途中でくり上がりの足し算を間違う,→くり上がりの足し算を途中で行わない指導,①数字を書き込む場所に注意させながら、先にかけ算だけ計算していく,②最後にすべての数字を足し合わせる,,
筆算をすることが難しい,計算けいさん,特別支援教育をサポートする読み・書き・計算指導事例集 梅田真理(編著),くり上がりを暗記する負担を減らす,教科書どおりの計算方法では、くり上がりの数字を書く位置を定まらずに間違いが多かったり、かけ算と足し算を交互に行ったりすることに難しさのある子どもに使用してもらう。,足し算を最後に一度だけ行う計算法,①７×６＝４２と計算し、４と５の下の黄色のマス目に、２を７の下の白いマス目に書き入れる。,②７×３＝２１と計算し、２を×の記号の下の黄色のマス目に書き入れ、１を５の下の白いマス目に書き入れる。,③引き続きかけ算を行い、すべて終了した時点で、黄色のマス目と白いマス目の数字を足し算する。,,,,,,,
,計算,特別支援教育をサポートする読み・書き・計算指導事例集 梅田真理(編著),,,,,,,,,,,,,
,計算,特別支援教育をサポートする読み・書き・計算指導事例集 梅田真理(編著),,,,,,,,,,,,,
,計算,特別支援教育をサポートする読み・書き・計算指導事例集 梅田真理(編著),,,,,,,,,,,,,
,計算,特別支援教育をサポートする読み・書き・計算指導事例集 梅田真理(編著),,,,,,,,,,,,,
,計算,特別支援教育をサポートする読み・書き・計算指導事例集 梅田真理(編著),,,,,,,,,,,,,
学校全体で支援する,支援体制/自閉症,最新図解　自閉症スペクトラムの子どもたちをサポートする本　榊原洋一 (著) ,学校には、発達障害の子どもたちを組織的に支援するしくみがあります。担任一人に任せず、全職員が共通認識・共通目標のもとで、子どもを支えることが求められています。,学級担任だけにゆだねない,保護者への理解を示しながら根気よく向き合う,子どもの障害がなかなか受容できない保護者もいる,無理に認めさせようとしたり、せめたりしないようにする,保護者の不安や困惑を受け止めながら支えることが大切,保護者の努力を評価しつつ、子どものために学校も家庭と連携・協力したいという意思を示す, , , ,　,,
子どもの特性を的確に把握する,把握/自閉症,最新図解　自閉症スペクトラムの子どもたちをサポートする本　榊原洋一 (著) ,支援の前に、子どもの特性を見極めることが重要です。自閉症スペクトラムの特性の現れ方には幅があるため、子どものようすをよく観察し、何につまずいているのかを的確に判断する必要がある。,一人一人の特性を個別に見極める,"ひとくちに""自閉症スペクトラム""といっても、特性の現れ方は一人一人異なる",あるがままのようす・状態を受け止め、個別に特徴を見極めることが大切,話しすき？こだわりが強い？大きな音が苦手？,好ましい伝え方,●「人が大勢集まる場所がつらいようです。●「友達と話題が合わず困っているようです」,好ましくない伝え方,●「人が集まる場所で大声を出して困っているます」●「お友だちとすぐけんかします」, ,　,,
苦手なことを強要しない,苦手/自閉症,最新図解　自閉症スペクトラムの子どもたちをサポートする本　榊原洋一 (著) ,自閉症スペクトラムの子どもは生活面、学習面で苦手なことが多く、学校でもつまずきが多いことでしょう。苦手な原因は努力不足ではなく障害特性からくるものなので、配慮が必要になります。,”ふつう”に合わせようとしない,苦手なことを強要するのは逆効果,「努力すればできるようになるもの」と苦手なことを無理に克服させようとすると…不安や恐怖が大きくなり、ますます取り組めなくなってしまうこともある,✕「さかあがりができるまで帰れませんよ！」,ほかの子どもと比較せず、絶対評価を用いる,目標を低くし、絶対評価で, , , , ,,
安心できる環境を整える,環境/自閉症,最新図解　自閉症スペクトラムの子どもたちをサポートする本　榊原洋一 (著) ,場所に対するこだわりがあるため、座席を決めるときや教室を移動するときは配慮が必要になります。また、校内に、本人が落ち着いて過ごせる場所を見つけておくことも重要です。,視覚刺激の少ない座席,教室移動は事前に確認する,"安心できる""居場所""を見つける",座席を決める際の配慮,●正面の壁の掲示物も時間割程度にとどめ、いろいろなものを貼らない●窓から遠い位置●出入り口から遠い位置,校内で迷子にならないために,●目的地まで先生や友だちに付き添ってもらう,●目的地までのルートを書いた地図を渡す,●外から部屋の位置がわかるように、窓に部屋に名前を提示する,●迷子になったときの対処法（職員室に行って聞くなど）を教えておく,,
指示や説明は簡潔に伝える,指示/自閉症,最新図解　自閉症スペクトラムの子どもたちをサポートする本　榊原洋一 (著) ,全体に向けた指示が伝わりにくい傾向があるため、個別に指示を出す必要があります。複数の指示を一度に出すと混乱しやすいため、指示は一度にひとつ、短いことばで簡潔に伝えます。,個別に指示を伝える,指示は一度にひとつ,手元で確認できるプリントを配る,伝わりやすい指示の出し方,●指示は一度にひとつにする,●簡潔なことばで、わかやすく伝える,●「～しない」といった否定表現は避け、「～しなさい」という肯定的表現にする,●「しっかり」「きちんと」「いいかげんにしなさい」などのあいまいなことばは使わない,●集団への指示は伝わりにくいので、個別に指示を出す, ,,
見通しをもたせ活動の切り替えを促す,感情のコントロール/自閉症,最新図解　自閉症スペクトラムの子どもたちをサポートする本　榊原洋一 (著) ,こだわりの強さから、気持ちや行動の切り替えがスムーズにできない子どももいます。一定のこだわりを認めつつ、見通しをもたせてサポートすると、切り替えができるようになります。,終了時刻を予告する,見通しをもたせることポイント,お気に入りのグッズで気を引く,見通しがもてたうえで切り替えを促される→不安を感じなくて済む　安心して切り替えられるようになる,見通しがもてないまま切り替えを強要される→もう終わりよ！　不安が強まる　ますます切り替えが難しくなる,　,　,　,　,　,,
係や当番の仕事に取り組ませる,取り組むとりくむ/自閉症,最新図解　自閉症スペクトラムの子どもたちをサポートする本　榊原洋一 (著) ,班やグループのなかで人と協力することは自閉スペクトラムの子どもが苦手なことのひとつです。本人が得意な仕事を任せ、役割が果たせたらほめて、達成感を味わわせるようにしましょう。,役割分担を明確にする,得意な仕事を担わせる,全員をほめることを大切,得意な仕事で役割を果たせるように,自閉症スペクトラムの子どもは苦手なことが多いため、その子の特性を踏まえ、不得意な仕事は避けて、うまくこなせる仕事を任せるようにします。,自閉症スペクトラムの子どもに適した係,「配り係」の場合　1人ででき、きっちり仕事をするので、配り忘れや枚数の不足などが生じにくい,トラブルも起こりにくく評価されやすい,「体育係」の場合　人と助け合ったり、協力しなければならないため、うまくいかない可能性がある,トラブルが生じたり、せめられたりすることも,,
友だちとのかかわりを支援する,コミュニケーション/自閉症,最新図解　自閉症スペクトラムの子どもたちをサポートする本　榊原洋一 (著) ,人とのかかわりが苦手でも、社会生活を送るうえで最低限のコミュニケーションはとれなければなりせん。ことばの使い方や友だちとの距離のとり方などを、そのつど具体的に教えます。,あそびを通したふれあいを,会話のルールを理解させる,必要なスキル習得を目標に,自閉症スペクトラムのなかでも、アスペルガー症候群の傾向のある子どもは話し好きで、相手の反応など気にせず、自分の関心のあることを一方的に話してしまうことがあります。こうしたケースでは、相手を不快にさせない話し方を教えましょう。,あそびの発達段階,一人遊び→平行遊び→対面あそび→順番遊び→グループあそび→ごっこあそび,　,　,　,　,,
変更はできるだけ避ける,感情のコントロール/自閉症,最新図解　自閉症スペクトラムの子どもたちをサポートする本　榊原洋一 (著) ,自閉症スペクトラムの子どもは急な変更に対応しきれないことがあります。変更はできるだけしないようにし、どうしても避けられないときは、前もって事情を伝えるなどの配慮をしましょう。,可能な限り変更しない,変更を早めに知らせる,見通しをもたせる,次の活動内容を知らせて見通しをもたせる,時間割の変更などは黒板に書いておき、子どもがいつでも活動の内容や変更を確認できるようにしておくとよいでしょう。,自閉症スペクトラムの子どもに時間割の管理をしてもらえれば、本人が変更を受け入れやすくなる,変更が受け入れられなければ別行動を容認する,急な変更に対応することができない子どももいます。パニックを避けるためにも、臨機応変な対応が望まれます。,無理に従わせるのではなく、許容範囲内で別の活動を行ってもよいことにする, ,,
行動への参加を支援する,参加/自閉症,最新図解　自閉症スペクトラムの子どもたちをサポートする本　榊原洋一 (著) ,運動会や遠足など、日常の活動とは異なる行事への参加が難しい子どもがいます。不安や緊張を軽減させる工夫をすることで、自閉症スペクトラムの子も、安心して行事に参加することができます。,独特の緊張感が苦手,事前に行程を知らせておく,遠足や移動教室、修学旅行に行く前には、写真やイラスト入りの行程表をつくって見せ、目的地がどんな場所か、現地で何をするのかといった見通しを立てやすくしましょう。,写真やビデオを活用する,　,　,　,　,　,　,,
負けや失敗を受け入れさせる,勝敗/自閉症,最新図解　自閉症スペクトラムの子どもたちをサポートする本　榊原洋一 (著) ,「勝ち」や「100点」への強いこだわりがあり、思い通りの結果にならないとかんしゃくを起こす子がいます。かたよった完璧主義を修正し、幅広いものの見方や多様な価値観を教えていきましょう。,一面的な見方しかできない,かたよった価値観を修正させる,負けたときのふるまい方を指導する,まけたときの◯と✕,◯くやしがる　きもちをことばでいう　（ざんねん、いやだな…）,✕ひとにらんぼうする　ひどいことをいう　ものをなげる、ける　とちゅうでやめる,指導のポイント,●負けそうになっても最後まで参加し続けること、負けても怒らないこと、泣かないことなどをクラスのルールとして、全員に約束させる,●負けても怒らずにがまんができたときは、おおいにほめることが重要,●勝敗がついたあとに、勝った子だけをほめるのではなく、負けた子どものよかったところを指摘してほめるなどの配慮をする,,
原因と対処法を知りパニックを防ぐ,感情のコントロール/自閉症,最新図解　自閉症スペクトラムの子どもたちをサポートする本　榊原洋一 (著) ,パニックは不安や緊張が高まったときに起こります。子どもが安心できるように、接し方や環境づくりには配慮が必要です。また、パニックが起こったときの対処法も心得ておきましょう。,パニックの原因をつくらない,パニックの兆候に気づく,パニックが起きたら？,子ども自身がパニックになりそうな状況に気づき、ヘルプを出せるようになることが理想です。, , ,　, ,　,　,,
得意なことで自信をもたせる,自信/自閉症,最新図解　自閉症スペクトラムの子どもたちをサポートする本　榊原洋一 (著) ,自閉症スペクトラムの子どもには、得意なことには積極的に取り組ませ、成果を上げて自信をもたせるよう指導を心がけます。自信がつくと、不得意なことに対してもがんばろうという意欲が湧きます。,得意なことに気づかせる,ほめて意欲を引き出す,気持ちも安定しやすい,ほめる機会と成功体験を増やすことがポイント,良い成果や評価がえられれば、大きな自信につながる　成功する＝満足感達成感,何度もほめられることで、もっとがんばろうという気持ちになる　ほめられる＝うれしい,自信がつき、もっとがんばろう、新しいことにチャレンジしてみようと思う,能力がアップし、さらに大きな自信につながる→次のステップへと踏み出せる,　 ,　,,
呼ばれていることに「気づかせる」工夫を,気づき/自閉症/家庭,最新図解　自閉症スペクトラムの子どもたちをサポートする本　榊原洋一 (著) ,自閉症スペクトラムの子どもは、名前を呼ばれてもなかなか気づきません。気づかせるための働きかけとともに、気づいたら振り向いたり、返事をしたりする習慣づけを行うことが大切です。,呼びかけに反応する習慣づけを,①子どもの名前を呼ぶ,②呼びかけに反応した,③ほめる,→名前を呼ばれたら反応するようになる,子どもに何かを伝えるときは、必ず名前を呼ぶようにします。名前を呼ばれたら返事をする、振り向く、視線を合わせるといった反応が子どもに定着するよう、習慣化させましょう。, ,　,　,　,,
叱らずにうまくできたときにほめる,ほめる/自閉症/家庭,最新図解　自閉症スペクトラムの子どもたちをサポートする本　榊原洋一 (著) ,子どもが指示を聞けなかったり、問題行動を起こしたりときには叱らず、うまくできたときにおおいにほめて「強化」します。叱る行為は子どもに恐怖感を与え、逆効果となる場合があります。,問題行動は無視する,問題行動をやめたらほめる,「つば吐き」を改善するには…つば吐きの原因を探る　,原因の例●人の気を引きたい　●ストレスがある　●退屈など,例　やりたくない（宿題など）ことがある,なぜ宿題がやりたくないのか探る→難しくてわからないなどの理由があるときは、そのメッセージを親に伝えることを教える→つば吐きをやめて、「教えて」「手伝って」などのメッセージが出せたらほめ、困った状況を伝えたり、助けを求めたりすることで問題が解決することを理解させる,例　親にかまってほしくて関心を引こうとしている,✕間違った対応　親が叱ったり、にらんだりすると「かまってもらえた」と思い、かえってくり返すようになる,◯好ましい対応　気づかないふりをし、無視する→「かまってもらえない」とわかり、つば吐きをやめる→やめたらすぐにほめて、つば吐きをしないほうが得になるということを理解させる, ,,
指示や情報は視覚的に示す,指示/自閉症/家庭,最新図解　自閉症スペクトラムの子どもたちをサポートする本　榊原洋一 (著) ,自閉症スペクトラムのある子どもは、聴覚よりも視覚のほうが優位に働く傾向があります。指示や情報は音で伝えるよりも、視覚情報として示すほうが伝わりやすいといえます。,「絵カード」で指示を伝える,コミュニケーションを促す,絵カード（文字カード）は、大人が子どもに指示を出すときだけでなく、子どもが意思表示をするときにも使います。,子どもが意思表示をするとき,例　「のどがかわいた」水の入ったコップの絵カードを見せる,例　「手伝って」「教えて」ヘルプカードと書いた文字カードを見せる,大人が指示や質問をするとき　,例　「おふろに入りなさい」お風呂の絵カードを見せる　例「カレーライスとオムライスどっちがいい？」　両方の絵カードを見せて、どちらがよいか選ばせる,双方向のコミュニケーションをとれるようになることで、子どもの理解力や意思伝達能力を伸ばすことができます,　,,
生活しやすい環境づくりを,環境/自閉症/家庭,最新図解　自閉症スペクトラムの子どもたちをサポートする本　榊原洋一 (著) ,自閉症スペクトラムのある子どもは、何をする場所か明確でない多目的な空間は居心地が悪く、不安になってしまいます。部屋も目的別のスペースに区切り、「構造化」することが求められます。,多目的な空間は混乱しやすい,目的別に「構造化」する,家の中の空間を「構造化」する,子ども部屋　学習スペースには、学習机や本立てなど、学習に必要なもののみを置き、あそび道具などは置かない,寝室　子どもが寝室で寝る場合は、寝室にぬいぐるみやおもちゃなどを置かず、寝るだけの場所にする,キッチン＆ダイニング　キッチンやダイニングは配膳や食器の後片付けなどのお手伝いをする場所という意味づけをする,居間　居間はテレビを見たり、家族で過ごす場所として、勉強道具などを持ち込まないようにする,空間づくりのポイント　,●広々とした空間は気が散りやすく、集中しにくいので、ひとつのスペースが狭くなるように仕切るとよい,●変化を受け入れにくいため、部屋の模様替えはできるだけしないようにする,,
生活時間をパターン化する,見通し/自閉症/家庭,最新図解　自閉症スペクトラムの子どもたちをサポートする本　榊原洋一 (著) ,自閉症スペクトラムの子どもは、１日のスケジュールがパターン化されている安心できます。スケジュール表をつくって掲示しておけば、それを確認しながら日課をこなしていくことができます。,一日の生活パターンを決める,自閉症スペクトラムの子どもは、規律や時間をきっちり守ることは得意なため、一日の生活パターンが決まっているほうが、気持ちも安定して過ごせます。,週間スケジュールは、子どもが自分でパーツを貼ってつくれるようにするのがおすすめです。自分でつくることで、生活時間や曜日の感覚を意識することができるようになります。,　,　,　,　,　,　,　,,
スモールステップで生活自立を促す,生活/自閉症/家庭,最新図解　自閉症スペクトラムの子どもたちをサポートする本　榊原洋一 (著) ,トイレや入力、着替えなどの生活動作については、手順を細分化して教え、少しずつステップアップさせます。自立まで時間がかかるケースもありますが、根気よく支援しましょう。,手順を教えるときのポイント,◯口頭のみの説明では覚えられないので、手順表をつくって提示したり、親が手本を見せたりしながら教える。,◯手順は一度に全体を教えるのではなく、細かいステップに分けて教える。,◯少しでもできたことがあればほめて、達成感を味わわせる,✕子どもが自発的に行動する、あるいは自力でできるようになるまで手を貸さず見守る方法は効果的ではない,✕ヒントを出すとき、「次はどうするんだっけ？」などと思い出せる方法や、「それでいいんだっけ？」と試すようなやり方はしない（効果がない）,トイレの環境を整える,トイレをいやがる子の場合、その理由を探る必要があります。トイレの明るさ（明るすぎる、暗すぎる）やにおい（芳香剤のにおいなど）、水を流す音が苦手な場合もあります。トイレの中は清潔に保ち、明るさやにおいも可能な範囲で調整しましょう。また、壁やドアに子どもの好きなキャラクターのシールを貼るなどの工夫をすると、トイレに足が向きやすくなります。,　,　,,
みだしなみを整えさせる,生活/自閉症/家庭,最新図解　自閉症スペクトラムの子どもたちをサポートする本　榊原洋一 (著) ,汚れた服を何日も着続けたり、服装が乱れたままでも気にしなかったりします。衣服の正しい着方、服装の乱れの直し方を教えるとともに、人から指摘されなくても自分で確認できるようにします。,気に入った服しか着ない,ひとつの衣服にこだわる理由＝”わがまま”ではないことを理解する,気に入っている気持ちは受け入れうえで、こだわりの範囲で許容できる別の衣服を用意して、ローテーションに加えます,学校に行く前やお出かけの前に、鏡の前に立ち、みだしなみをチェックする習慣をつけます。チェックリストをつくり、項目を順番にチェックできるようにしましょう。はじめは親が一緒にチェックし、慣れてきたら、１人で確認できるように促します。,　,　,　,　,　,　,,
見通しをもたせ行動の切り替えを促す,見通し/自閉症/家庭,最新図解　自閉症スペクトラムの子どもたちをサポートする本　榊原洋一 (著) ,自閉症スペクトラムの子どもは、活動や行動を切り替えるのが苦手です。前もって切り替えのタイミングを知らせること、切り替えあとの活動内容を伝えて見通しをもたせることが大切です。,タイミングを知らせておく,見通しをもたせることが大切,関心を別の対象の向ける,活動を切り替えるタイミングを前もって伝えておく,気持ちを切り替えやすくなる　たとえ、活動の途中で約束を忘れてしまっても、一度約束したことを思い出すことで気持ちを切り替えやすくなる,関心を別の対象の移す,本人のこだわりが強い活動を、途中でやめさせることは難しいため、興味のあるものを見せたり、好きな活動へ誘導したりして、切り替えのきっかけづくりをすることが有効です。,　,　,　,,
人と上手にコミュニケーションをとる,コミュニケーション/自閉症/家庭,最新図解　自閉症スペクトラムの子どもたちをサポートする本　榊原洋一 (著) ,人と適切な距離を保つ、人の話を聞く、意思表示をするなど、多様なスキルが求められます。人とうまくかかわれるようになることで、ストレスが減り、安心して過ごせるようになります。,人の話を聞けるようにする,人の話を聞くときの態度をそのつど教える,●話をする人のほうをむく,●相手と適度な距離（腕一本分くらい）をとる,●ときどきうなずたり、質問したりする,●相手の話をさえぎらない,●自分の話は、相手の話が終わってからするなど,　,　,　,,
パニックが起こる場面を回避する,感情のコントロール/自閉症/家庭,最新図解　自閉症スペクトラムの子どもたちをサポートする本　榊原洋一 (著) ,緊張や不安が強まると、パニックを起こしてしまう子どもがいます。パニックの原因を突き止め、回避することが重要です。パニックになってしまったときの対処法も知っておきましょう。,パニックの原因を探る,パニックに自分で対処する,パニックが起こったときの対処法,①きょうだいや友だちが近くにいたら、危険がないよう遠ざけるか、本人を人気のない静かな場所に移動させる,②自傷行為があるときは、けがをしないよう手やクッションで頭などをカバーする,③パニックの最中は声をかけたり、子どもの体にさわったりしない,④静かに見守り、パニックがおさまったときにすかさずほめる,　,　,　,,
睡眠リズムを整え健康管理に努める,生活/自閉症/家庭,最新図解　自閉症スペクトラムの子どもたちをサポートする本　榊原洋一 (著) ,自閉症スペクトラムの子どもは自らの健康管理が苦手です。併存しやすい睡眠障害があるほか、体調変化や気温変化に鈍感なケースもあり、自己管理がうまくできない傾向があります。,睡眠のリズムが確立しない,眠りへ導く”儀式”が大切,眠りに向けた”儀式”の一例,おふろ→歯磨き→布団→絵本を読んでもらう→あかりを消す→寝る,自閉症スペクトラムの子どもは、自分の体調の変化に気づきにくいうえ、暑さや寒さに鈍感で、衣服を着脱して温度調整をすることも苦手です。,　,　,　,　,　,,
役割を担わせお手伝いさせる,取り組むとりくむ/自閉症/家庭,最新図解　自閉症スペクトラムの子どもたちをサポートする本　榊原洋一 (著) ,自分の身の回りのことができるようになったら、家族の一員としての役割も担わせましょう。子どものスキルレベルに合わせて、無理なく続けられ、自信がもてるような手伝いをさせてみましょう。,家族の一員という意識づけを,子どもの能力を考慮する,感謝し、ほめることが大切,失敗しても叱らない,✕叱責させると気持ちが萎縮し、お手伝いをしようという意欲も失われる,◯「次、がんばろう」と励ましながら、やる気を引き出すことが大切,　,　,　,　,,
きょうだいとのかかわりに配慮する,コミュニケーション/自閉症/家庭,最新図解　自閉症スペクトラムの子どもたちをサポートする本　榊原洋一 (著) ,きょうだいは、自閉症スペクトラムの子どもの最も身近な理解者・支援者になりえます。一方で、きょうだいに不公平感や孤立感を抱かせないように、親がしっかり愛情を注ぐことも大切です。,障害の特性を理解してもらう,人とかかわる練習ができる,親の愛情を十分に注ぐ,きょうだいに、障害について理解してもらうときは、障害への偏見をもたせない配慮とともに、家族が第一に理解者・支援者となることの大切さを強調します。,　,　,　,　,　,　,,
得意なことを伸ばしてあげる,自信/自閉症/家庭,最新図解　自閉症スペクトラムの子どもたちをサポートする本　榊原洋一 (著) ,自閉症スペクトラムの子どもは苦手なことが多く、ほめられる機会も少ないといえます。本人に自信をもたせるためにも、好きなこと、得意なことを見つけて、それに打ち込める環境を整えましょう。,打ち込めるものを見つける,好きなことに没頭できる環境を,苦手なことは無理強いしない,得意なこと、すきなこと,努力が苦にならず、集中して取り組むことができ、少しの努力で成果も上がるため、達成感をえられやすい,得意なことを伸ばすことができれば、自信につながり、自尊感情も育まれることになる,苦手なこと,訓練や努力では克服できないため、失敗をくり返したり、叱責を受ければ自信を失い、気持ちを不安定になってしまう,無理強いせず、本人が努力して少しでも上手になれば、おおいにほめてあげる,　,,
絵の具ペタペタ,運動/感覚統合,発達の気になる子の　学校・家庭で楽しくできる感覚統合あそび,触覚が敏感で、絵の具が手についてたり、汚れたりすることに苦手意識をもつ子に対して、少しずつ絵の具が身体につく状態を受け入れられるようにします。受け入れられる範囲が広がっていくと触覚防衛反応が軽減されると考えられています。,【触覚への拒否感をやわらげ防衛反応を軽減する】　絵の具に苦手意識がある子は、「絵の具のヌルヌルした感触がどうしてもダメ」「手のひらはいいけど、顔につくのは絶対いや！」など、触覚に関する拒否感や抵抗感をもっていることがあります。好きな色の絵の具を選択するなど、無理のないところから、感触を受け入れられる範囲を少しずつ増やしていきます。範囲が広がると、触覚防衛反応が軽減され、集団行動にも参加できるようになってきます。,【絵の具がつくのはいやがる子には？】　触覚が敏感な子は、絵の具が指先に少しつくことすらいやがある場合があります。そのような場合は、紙にではなく、ぶれぞうきんの上にスタンプさせ、すぐに指をぬぐうとよいでしょう。「手についても、すぐにきれいになる」という実感があれば、「またつけてもいいかな」思えるようになります。一方、触覚が鈍感な子は、絵の具の手触りが大好きで、はじけたようにやりたがることがあります。それぞれの反応を注意深く見守り、子どもの理解へつなげていきましょう。,絵の具のなかからいちばん好きな色を選び、皿に出します。好きな色を選ぶことで、絵の具に対する苦手意識が少し軽減できます。,指先に少しだけ絵の具をつけて、紙にスタンプのように押し当てます。花などの絵をあらかじめかいておいて、色をつけても。,●手のひらスタンプ　手のひらに絵の具をつけて、画用紙などにスタンプします。　触覚が敏感な子にとっては、絵の具がふれる面積が広くなることで、より難易度が上がります。絵の具の感触を受け入れられるようになってくると、いろいろな色で楽しもうとする姿が見えてきます。,●ボディペイントに挑戦　絵の具を使って、自分のうでや手のひら、顔などに絵の具をつけます。　いやがる子は、抵抗感の少ない部位を探して、そこから始めましょう。抵抗がある部位には、押し当てあそびなどを先に行ってから絵の具を使いましょう。,●だれかにつけもらう　今度はほかの人に頼んで、筆や指を使って、手やうで、顔などに絵の具をつけてもらいます。　自分でやるよりも不安や警戒心が強くなり、難易度が上がりますが、受け入れられるようになると、食感防衛反応が軽減していきます。, , , ,,
クルクル回転いす,運動/感覚統合,発達の気になる子の　学校・家庭で楽しくできる感覚統合あそび,回転するいすに座ってクルクルまわると、水平方向への回転刺激が平衡感覚に入ります。回転する際に振りまわされないように姿勢を保ったり、背もたれにしがみついたりすることで、固有感覚にも感覚情報が入ることが期待できます。,【平衡感覚を意識することが姿勢の改善につながる】回転するいすに座ると、すぐにクルクル回転させる子どもがいます。日常の姿はどうでしょうか。落ちつきがなくフラフラと動いてしまう、座っているときに姿勢が崩れやすいなどの様子は見られませんか？こうした姿が平衡感覚への感覚刺激を求めている姿だとすれば、他者（大人）から感覚情報を入れられることで、感覚のコップが満たされていきます。継続的に取り組むことで、姿勢の改善が期待できます。,【子どもの様子を見てやめどきをとらえる】子どもの表情や顔色など、様子をよく観察しながら行いましょう。平衡感覚が敏感な子には、ゆっくりまわすなど小さな刺激からはじめ、気もちわるいと言ったり、顔が青ざめてきたりしたらやめどきです。鈍感な子には、１０分やっても刺激が足りないこともあります。眼振を確認して回転の速さや回転を見きわめましょう。,背もたれのあるいすの場合 背もたれのあるいすに、逆向きにまたいで座り、落ちないように背もたれにつかまります。大人がそばに立って、手でいすをグルグルまわします。回転方向を適宜変えながら行います。,背もたれのないいすの場合 背もたれのないいすを使う場合は、座席の部分にうつぶせになると安定します。,●数字や絵を読む　いすをまわしながら、数字カードを瞬間的に見せます。子どもにその数字を声に出して読ませます。子どもの好きなキャラクターの絵などを使ってもOKです。平衡感覚に感覚情報を入れると同時に、視覚を能動的に使います。,●手にタッチ　いすをまわしながら、タイミングを合わせて、大人が差しだした手にタッチします。できるようになったら、タッチのたびに手の位置を変えていきます。,●バケツにシュート　床にバケツを置きます。いすが回転している状態で、子どもが大人からボールを受け取ったり、ボールをバケツに投げ入れたりします。, , , ,,
自分でバランスボール,運動/感覚統合,発達の気になる子の　学校・家庭で楽しくできる感覚統合あそび,バランスボールを使って、姿勢を保持する力を高めるあそびです。バランスボールに座りバランスボールを取ろうとすることは、自然に、身体のどの部分にどれくらい力を入れれば姿勢が保てるかを探る活動になります。,【正しい姿勢は集中力を支える】バランスボールの上に座り、身体のバランスをとることは、座った姿勢での身体の軸を育てるのに役立ちます。軸がしっかりしてくると、姿勢を保持できるようになり、学習に集中しやすくなっていきます。,【足がつかないことを不安に感じる子も】　平衡感覚の感覚刺激に敏感な子は、わずかな揺れでもいやがります。足が床からはなれることも、不安を増長させます。まずは、楽しめる程度をさがしましょう。最初は大人が身体を支え、子どもが両うでを広げてバランスをとったら、ゆっくり手をはなします。１人で座れたら「座れたね！」などと成果を認めることで、子どもは自信を少しずつ積み上げて、次へのチャレンジにつなげていきます。,子どもの身体の大きさに合ったバランスボールを用意し、その上に座ります。腰を上下させてボランスボールをバウンドさせます。,バランスボールに座ったまま、腰を左右、前後に傾けていきます。子どものペースで、ゆっくりと。自分でどこまでバランスをとれるのか意識させることがポイントです。,●片足浮かし・両足浮かし　バランスボールに座り、まず片足をまっすぐのばしてバランスをとります。それができたら、両足を浮かして、しばらくバランスをとります。,●本をパス　バランスボールに座った子どもの前と後ろに、ほかの人が立,●ボールの上で正座　バランスボールの上で正座をします。怖がる子の場合は、大人がボールを支え、安定してきたらそっと手をはなします。何秒間キープできるか数えましょう。, , , ,,
揺らされバランスボール,運動/感覚統合,発達の気になる子の　学校・家庭で楽しくできる感覚統合あそび,平衡感覚や固有感覚が鈍感な子に対して、感覚刺激を満たし、気もちを安定させるためのあそびです。他者に身体をふれられる場面が多いので、触覚の敏感さを軽減することも目標にすることができます。,【感覚刺激を満たす効果とリラックスの効果】　バランスボールを使ったあそびをしたことで、貧乏ゆすりが減った、机を指でトントンとたたくなどの常同的な行動が目立たなくなったなどの変化が報告されることがあります。これは、バランスボールによって気もちがリラックスするためだと考えられています。　これらの効果は、すぐにあらわれてくるケースばかりではありません。毎日続けて、「ちょっと変わってきたかな」という小さな変化を見つけましょう。,【平衡感覚と一緒に触覚を育てる】　触覚が敏感で、他者からふられることが苦手な子どものなかには、平衡感覚に感覚情報を入れるあそびのなかでふられるのは大丈夫という子がいます。揺れや回転などの感覚情報が入れられることで、外からのほかの感覚刺激も受け止めやすくなるのでしょうか。このような視点からも、バランスボールを活用してみてください。,バランスボールにうつぶせに乗ります。うつぶせになった子どもの背中を、大人が押します。,怖がる場合、最初は足やひざを床につけた姿勢でもOK。次第に足を浮かせる姿勢に。,●両手で身を守る　バランスボールにうつぶせに乗ります。大人は子どもの背中に手をのせ、ボールごと、子どもの頭の方向にグイッと動かします。床に反射的に手を出せるかどうかを確認します。転びそうになったときなど、身を守るための反射的に手が出ることを「パラシュート反応」といいます。,●腰かけてユラユラ　背後から子どもの脇や腰を支え、ボールを前後左右に揺らします。　ボールが後ろにいったときは腰を曲げ前屈の姿勢になるなど、バランスをとるコツをつかみましょう。,●あお向けに寝る　バランスボールの上にあお向けに寝転がり、まずは、後頭部をボールにつけてリラックスできるか確認します。次に、手を頭の後ろにのばします。大人はバランスボールを支えながら、落ちない程度に左右に揺らします。, , , ,,
どすこい投げ,運動/感覚統合,発達の気になる子の　学校・家庭で楽しくできる感覚統合あそび,直接的な感覚統合あそびではありませんが、ボールの投げ方に自信がない不器用な子どものために、上手に投げるためのヒントをまとめました。全身の力をボールにしっかりと伝えるための基礎的な動きを身につけましょう。,【自信をもって友だちとのあそびに参加する】　投げる動作は、ボールを使うチームスポーツの基本です。目標に向かって、ねらいどおりにボールを投げられるようになると、自分でも上達を実感し、自信がもてるようになります。友達との外あそびにも、より積極的になることが期待できます。,【「投げる」という運動連鎖を体得する】　ボール投げが苦手な子は、投げる動作の運動連鎖ができていないということがよく見られます。運動連鎖とは、①重心を利き足側に乗せ、反対の足を上げる→②上げた足が着地して少し遅れて腰が回転する→④少し遅れてひじが出る。⑤少し遅れて手が出る、という一連の動きです。こうした流れがあってはじめて、全身の力をボールに伝えることができます。「どすこい投げ」は、これをシンプルにまとめたものです。,ボールを投げる方向い対して垂直に線を引きます。利き手にボールを持ち、線をまたいで立ちます。,重心を利き足側にしっかりと乗せ、「どーす」のかけ声を合図に四股を踏むように足を上げます。「こい！」のかけ声とともに足を踏み下ろします。下ろした足の方向にボールを投げます。,●紙鉄砲をパン！　紙鉄砲を振ります。「基本の遊び方」で行う重心移動に加えて、手首のスナップをきかせることが必要です。紙鉄砲には開く部分が２か所あります。その両方を開いて、きちんと音がなるように振ります。,●壁に力強くぶつける　重心移動と手首のスナップを意識して、ボールを壁に力強くぶつけるように投げます。,●ねらいを定めて　相手がかまえているところをねらって投げます。　投げる前に、目標をしっかりと見ます。ボールをはなすポイントと目標点を直線で結ぶようにイメージして投げます。, , , ,,
タオルでキャッチボール,運動/感覚統合,発達の気になる子の　学校・家庭で楽しくできる感覚統合あそび,タオルで作ったボールを使いキャッチボールをします。室内でも危険が少なく、扱いやすいので、継続的に取り組むことができます。動くものを目で追い、距離感を把握する視空間認知を高めます。,【室内あそびから外あそびに発展】　タオルボールは普通のボールほど弾まない、転がらないため、このあそびは視空間認知に課題がある子にとっても、取り組みやすい活動です。ボールあそびができるようになると、休み時間の外あそびも楽しめるようになります。外あそびへの参加は、対人関係スキルの向上にもつながります。,【ボールをアレンジして素材の触感を生かす】　ボールを作る動作は手先の動きを調節するトレーニングになります。また、タオルだけでなく、バンダナやマフラー、バスタオルなど、さまざまな素材を使ってボールを作ることで、大きさや触感が変わり、投げ方、取り方も変わっていきます。,右の手順でタオルボールを作り、キャッチボールをします。,投げるときは、ボールではなく投げる方向を見るようにする。,●三角キャッチ　人数を増やし、３人で等間隔に距離をとって、タオルボールでキャッチボールをします。　ほかの人の投げ方、取り方を見て学ぶこともあります。,●タオルバレー　タオルボールを子どもに向かって放物線状に投げます。大人が投げたボールが自分に近づいてくるのをタイミングを見はからってアタックします。,●タオルサッカー　床にビニールテープなどをはって、ゴールを設定します。サッカーのようにタオルボールをゴールにけり入れます。上手にできるようになったら、２～３人でチームを組み、バスを重ねてゴールしましょう。, , , ,,
ろくぼくのぼり,運動/感覚統合,発達の気になる子の　学校・家庭で楽しくできる感覚統合あそび,手と足で身体を支えてろくぼくをのぼるためには、しがみついたり、踏ん張ったりする力の維持が必要です。加えて、手や足をどう出せば次の動きにつなげることができるかを考えることも求められます。その場に合わせて考えて動くことは、ボディイメージ形成の基礎となります。,【さまざまなあそびの基礎作りとして】　よじのぼる、踏んばる、しがみつく…。今の子どもたちがあそぶ姿を見ていると、これらの動きがほとんどなくなっています。ろくぼくのぼりには、これらの動きの要素が含まれています。さまざまなあそびの土台となる動き作りを大切にしましょう。,【高所を怖がる子には三点支持を教える】　平衡感覚が敏感で、高くのぼると怖がってしまう子がいます。四肢（両手両足）のうち、３つで身体を支えること（三点支持）を教えましょう。動かすのは１つずつと伝え、できているときにはしっかりほめるようにします。,両手両足をしっかり使い、足場を意識しながら、ろくぼくをのぼります。頂上にタッチして目標達成。はじめての子は、目標を低い位置に設定するとよいでしょう。,つかまる力が弱くておしりが引けてしまう子には、下からおしりを持ち上げるようにするのではなく、腰をろくぼく側に押しつけるように押してください。,●段を抜かしてのぼる　のぼることに慣れてきたら、１段抜かし、２段抜かしでのぼります。　のぼるときよりも下りるときのほうが、足をつく場所を強く意識する必要があります。,●片方の手足をはなす　頂上で、片方の手足をろくぼくからはなしてブラブラさせます。つかまったほうの手足にグッと力を入れ、一方ではなしたほうの手足は軽く力を抜きました。,●ろくぼくで逆立ち　今度は、床に手をつき、足をろくぼくにかけて「逆立ち」に挑戦。最初は低い段から始めて、徐々に足の位置を高くしていきます。手だけで体重を支えようとするのではなく、肩で支えるイメージをもつようにします。, , , ,,
トランポリンジャンプ,運動/感覚統合,発達の気になる子の　学校・家庭で楽しくできる感覚統合あそび,姿勢のバランスを保とうとする平衡感覚と、姿勢を保持する固有感覚の発達を促すあそびです。子どもが自由にトランポリンを跳ぶのではなく、手をつなぐなどして大人がコントロールすることで、より強い感覚刺激を作りだすことができます。,【姿勢を保ち落ちついた様子に】　姿勢を保とうとする力が働くことで、同じ姿勢をキープすることができるようになってきます。また、目の使い方が育ち、集中できる時間が長くなったり、周囲に気をとられることが少なくなったりするので、歩行も安定します。,【強さの「さじ加減」は大人が見きわめる】　このあそびの特徴は、子どもの手をとってジャンプを誘導したり、トランポリンの上に座る子どもの横でジャンプをしたりと、大人が主体となって、子どもへの揺れ刺激をコントロールすることができるところです。どの程度の強さでどれくらいの時間繰り返せばよいのかは、子どもに合わせて、大人が見きわめながら決めていくことが大切です。,ミニトランポリンを使います。トランポリンの上に立ち、トランポリンの外に立った大人と手をつなぎます。,できるだけ高くジャンプします。大人は、子どもが跳ぶのを支え、できるだけ高く跳べるように誘導しましょう。,●座る姿勢をキープ　大きなトランポリンを使います。子どもはトランポリンの上に体育座りがか正座をし、大人がそのそばを踏んで揺らします。　転ばないように、同じ姿勢をキープします。特に頭がグラグラと揺れてしまわないように気をつけましょう。,●跳びながらハイタッチ　ミニトランポリンを使います。子どもがジャンプしている間に大人は手を出し、ハイタッチします。　手をかかげる高さや場所を変えることで、目の動きも育てます。,●ピタッと着地　トランポリンをまっすぐ３回跳び、４回めの床に着地します。着地できるようになったら、床にビニールテープなどで輪をかき、そのなかに着地するようにしましょう。着地した後にしりもちをついてしまったり、ひざや手を前方についてしまったりしないように、何度も繰り返し練習しましょう。, , , ,,
マットでゴロゴロ,運動/感覚統合,発達の気になる子の　学校・家庭で楽しくできる感覚統合あそび,マットの傾斜をゴロゴロろ転がり落ちるほどに回転のスピードが増し、スリルがあります。回転することに不安がある子にとって、乗り越えていく克服間をもたらします。平衡感覚が鈍感な子にとっては、強めの刺激を入れることができます。,【クニャッとした姿勢がまっすぐに】　このあそびの醍醐味は、転げ落ちるほど加速度が増し、遠心力で振りまわされるような感覚を感じられることです。振り回されないようにするには、姿勢を保持する必要があります。楽しみながら、身体を引き締めるように力を入れる感じを実感できるようにします。,【子どもの反応に応じて傾斜の大きさを調節】　傾斜の大きさは、子どもの反応を見ながら調節しましょう。平衡感覚が敏感な子は、小さな傾斜でも怖がる傾斜があります。最初は傾斜をあまり大きくしないようにします。ふとんを使えば、家庭でも取り入れられます。,マットを段々に積み重ね、その上に別のマットをしき、すべり台のようにします。,マットの上に横になり、斜面をゴロゴロと転がり下がります。,●途中でストップ！　傾斜が転がっている途中で、大人が「ストップ！」と声をかけ、子どもはピタッと停止します！　転がり落ちてしまわないようにグッとこられます。,●ひざを抱えて　横になってひざを抱え、その格好のままでゴロゴロ転がります。,●のぼりもゴロゴロ　マットを山形に配置し、自分の力で転がりながらのぼり、てっぺんから下りていきます。　大人の指示に合わせて回転の向きを変えてもよいでしょう。, , , ,,
平均台をわたろう,運動/感覚統合,発達の気になる子の　学校・家庭で楽しくできる感覚統合あそび,平均台は、高い場所で、足もとが不安定な場を設定することができます。平均台の幅と足の位置関係を把握して、次の１歩の着地位置を調整したり、友達の身体とうまくすれ違ったりながら、ていねいな身のこなし方を学びます。,【不安定な場での自信が集団行動を支える】　平衡感覚が敏感な子にとっては、少し床より高い場所にのぼるだけでも勇気がいること。１つ１つ克服していくことで達成感が得られ、自分への自信にもつながります。また、「落ち着きがない」といわれる子の多くが、ダンデム歩行が苦手です。ゆっくりとして足運びができるようになることを目指すことが大切です。,【ゆっくりていねいにわたれているかを確認】　人間は本来、足を左右に広げることでバランスを保っています。ところが平均台の上では足を前後にしなければならず、この姿勢のとき、人は不安定な姿勢であると感じます。　その不安定さをごまかすかのごとくすばやいスピードでわたりきってしまう子がいます。しかし、大切なのはゆっくりていねいにわたれるかどうかです。そこで、ダンデム歩行ができているかどうかも確認してみましょう。,平均台の上を端から端まで、落ちないようにゆっくりとわたります。左右の足を交互に出すのが怖いという子は、前に出した足に後ろの足を近づけて、少しずつ進むことから始めてもよいでしょう。,怖がる子は、まず床に引いたラインの上を歩くことから始めます。低めの踏み台や幅の広めな平均台などを使って、少しずつ高いところを歩けるようにしていきます。,●平均台を傾けて　平均台の片側の下にマットや台を置くなどして軽い傾斜をつけ、その上を歩きます。不安定さが増します。　また、のぼりの傾斜と下りの傾斜で、体重のかけ方の変化を感じることができる。,●左右の足を別々の台に　平均台を２台用意して、間隔を少し開け、左右の足をそれぞれに置いて歩きます。　平均台が１台しかない場合は、台の途中に障害物を置き、それをまたいで歩いてみましょう。,●台の上ですれ違い　平均台の反対側から別の人にも歩きだしてもらい、途中で、落ちないようにうまくすれ違います。　自分と相手の距離感を調整しながら、ボディイメージを高めることができます。, , , ,,
ボール運びアラカルト,運動/感覚統合,発達の気になる子の　学校・家庭で楽しくできる感覚統合あそび,ボールの操作を通して、ボディイメージを高めます。協力してボール運びをすることで、力の入れ具合の微妙な調節ができるようになることを目指します。友達と、さまざまなアレンジを楽しみましょう,【他者との距離感をつかめるように】　このあそびを通して、自分の身体と対象物との関係を意識したり、力の入れ具合を調節したりすることで、周囲のものを注意深く扱うことができるようになります。友達と体を寄せ合って協力することは、適切な距離感をつかむことにもつながります。これは、友達との人間関係や信頼関係を作る土台となっていきます。,【いろんな部位でボールを挟む】　ここで紹介した運び方以外にも、おしりや肩など、身体のさまざまな場所を使ってボールを挟むことで、アレンジが広がります。人数が集まったら、運動場や体育館などの広い場所で、スピードを競うゲームにしてもよいでしょう。,立ってやる場合ボールを手に持ち、落とさないように、自分の身体のまわりにそわせてコロコロと転がします。,座ってやる場合座って足をのばし、足の上でボールをコロコロと転がします。ビーチボールやサッカーボールなど、素材の違うボールを使ってもよいでしょう。,●手と手で挟んで　２人で横に並び、ボールを手と手で押し合って挟むように持ち、協力してゴールまで運びます。　上手にできるようになってきたら、手では挟んだまま立ったり座ったりできるか挑戦してみましょう。また、指先と指先で挟むことができるかどうかも試してみましょう。,●背中合わせで　２人で背中合わせに立って、その間にボールを挟んで運びます。　見えない部位を使ってボール挟むことになるので、難易度が上がります。,●棒にボールをのせて　ほうきの柄など、長い棒を２本つかって、その上にボールを乗せ、お互いにバランスをとりながらボールを落とさないように進みます。　棒を用いることで、さらに高い調整力が必要になります。, , , ,,
丸太になろう,運動/感覚統合,発達の気になる子の　学校・家庭で楽しくできる感覚統合あそび,体幹を意識するあそびです。友達に転がしてもらう、身体を運んでもらうなど、他者とのかかわりの要素を取り入れることで、１つの姿勢を保持することが苦手な子も、「やってみたい」という意欲を高めることが期待できます。,【姿勢の保持だけでなく、人間関係を学ぶ機会に】　他人に抱えられ受けわたされたり、後ろにまっすぐ倒れたりという活動は、日常ではなかなか体験できません。そのため、「おもしろそう」「やってみたい」と興味をひくあそびです。興味や関心は、参加意欲をかき立てますから、より長い時間姿勢を保持しようという気もちになってくれるでしょう。また、「運び手」や「受け手」になって友達の身体の重さを受け止めることも、相手の気もちを考えるよい機会になるでしょう。加えて、他人への信頼感を育てることにもなり、人間関係の改善につながります。,【「重力不安」を取り除く工夫をする】　平衡感覚が敏感な子には、体が地面からはなれることに強い恐怖を感じる「重力不安」という反応が出ることがあります。まずは、安全への配慮を忘れずに。　表情や言葉などから不安を読みとり、アレンジ１～３は無理のない範囲で取り組むようにします。「丸太」をする前に「運び手」をたくさんやってモデルを見ることも、安心感につながります。,マットの上に横になり、丸太になったつもりで、身体全体をまっすぐにのばし、グッと力を入れます。,大人や友達に、ゴロゴロ転がしてもらいます。転がるときにグニャッと身体が曲がらないように意識しましょう。,●丸太運び　「丸太」になったままの子どもを、２、３人の子どもたちが抱えて運びます。「丸太」の子は、力を入れ続けるようにしましょう。,●丸太をバトンタッチ　２、３人のグループを複数作り、アレンジ１の「丸太」の子を、グループ間でリレーしていきます。,●後ろに倒れてみる　「丸太」の子が直立し、その背後に数人の子どもたちが立ちます。合図が出たら、丸太の子は直立姿勢のまま後ろに倒れ、ほかの子たちがそれを支えます。　見えない背後に倒れるのは不安や恐怖が伴います。そんな気もちがを克服し、他者への信頼感を高めます。, , , ,,
ぞうきんウォーク,運動/感覚統合,発達の気になる子の　学校・家庭で楽しくできる感覚統合あそび,おしりや足の下からぞうきんがはなれないように気をつけながら移動するあそびです。このあそびを通して左右の重心のかけ方を調節することを学ぶことができます。また、軽く押さえながら移動することが力の抜き加減をつかむことができます。,【筋力が鍛えられ姿勢をキープしやすくなる】　体幹を中心に、姿勢保持のために重要な筋力を鍛えます。地道に継続的に取り組むことで、おなかに正しく力を入れることができるようになり、授業中や整列のときなどにも、姿勢をまっすぐに保持しやすくなります。,【飽きないように楽しさを加えて】　このあそびは、トレーニング要素が強く、そのため飽きてしまう子も出てきます。継続した取り組みとなるようにするには、競争意識を高めたり、回数に応じてポイント制にしたりといった、お楽しみの要素を加えることも考えておくとよいでしょう。,ぞうきんをおしりの下にしいて、ひざを曲げ、手は後ろにつきます。,おしりで軽くぞうきんを押さえるようにしながら移動します。,●おしりと足だけで全身　体育座りの姿勢になり、おしりと足の動きだけで前に進みます。足を床に踏んばりながら、おしりの位置をずらしていきます。,●ぞうきん踏み歩き　両足でぞうきんを踏んだまま、少しずつ足を前に動かして進みます。　左右に腰をひねるようにし、上手に重心を移動させながら前に進みましょう。,●シャクトリムシのように　ぞうきんを２枚使います。１枚のぞうきんに両手を当て、もう１枚のぞうきんに両足をのせて、右のような姿勢になり、そのままシャクトリムシのように移動します。, , , ,,
シンクロ描画,運動/感覚統合,発達の気になる子の　学校・家庭で楽しくできる感覚統合あそび,黒板（またはホワイトボード）を使って、左右同時に直線を引いたり形をえがいたりすることで、左右の手に注意を均等に分散することを覚えます。スピードや動かし方の加減ができるようになること、視線をコントロールできるようになることをねらいとします。,【左右の手の動きを調節して目の使い方を育てる】　左右の手の動きを調節するためには、認知機能の１つである「注意の分散機能」が必要です。同じ形、同じ大きさ、同じスピードになるよう調整できるようになってくると、注意の分散とともに視線のコントロール力も育ちます。,【写真を撮っておき成果を感じられるように】　回数を重ねることで左右の形がそろってきます。最初にかいたものを写真に撮っておき、上達したときに見せると、本人も成果を感じることができます。,左右の手にそれぞれチョーク（ホワイトボードを用いる場合はマーカーペン）を持ち、黒板に同時に直線を引きます。左右同時に中心から外側に向けて引きます。うまくできたら、次は外側から内側に引きます。,うまくできるようになったら、線のゴールとなる点を指定し、そこまで左右同じスピードで動かせるかに挑戦します。,●図形をかく　両手を左右対称に動かして、円や三角形などの図形をかきます。左右で同じスピード、同じ大きさ、同じ形にかけるかどうか確認しながら進めます。,●左右同じ向きで　左右対称なチョークの動きではなく、左右同じ向きで円や三角形をかきます。　左右対称にかくときと、力の入れ具合や動かし方が異なる点を意識できるでしょう。,●違う位置からスタート　左と右で違う位置からスタートして、丸や四角形をかきます。かき始めの位置が違っても、同じスピードで、同じ大きさになるように形がかけるどうか挑戦します。, , , ,,
机の下をトンネル探検,運動/感覚統合,発達の気になる子の　学校・家庭で楽しくできる感覚統合あそび,狭い空間に自分の身体を合わせ対応していく動作が、ボディイメージの理解につながります。特に背中やおしりなどの自分からは見えない部分はに意識を向けることで、自分の身体の輪郭をつかむことができます。,【ボディイメージを形成し相手との距離感を学ぶ】　空間の大きさに合わせて自分の身体を対応させていくことは、ボディイメージの形成につながります。自分の身体をコントロールすることが上手になると、その場、そのとき、その状況に応じて、相手との距離のとり方をつかめるようになっていきます。,【「やりたくない」は不安のサイン】　「うまくできないからやりたくない」という子は、まだボディイメージがつかめていません。そのために、自分の輪郭とトンネルの関係がわからず、不安な状態にあると理解しましょう。電車ごっこ、忍者ごっこ、トンネル探検など、その子が好きなものを取り入れたストーリー仕立てにするとよいかもしれません。,机の下をよつばいになってくぐります。「トンネル探検」など、ストーリーを設定してもよいでしょう。,できるだけ身体が机にふれないようにくぐりましょう。机の入りやすい側（座る側）を入り口にする。,●長いトンネルくぐり　机をいくつかつなげて、長いトンネルくぐりにチャレンジします。　触覚が敏感な子の中には、乳児期の「ハイハイ」を飛び越すといった生育歴をもつ子がいます。あらためて、よつばい姿勢に取り組む機会を作ってみるのも大切です。,●おしりくぐり　よつばいの姿勢で、おしりの側からくぐります。後方を振り返り、目で確認しながら進んでもかまいません。,●手を使わずにくぐる　手を床につかないようにして、足だけで移動し、身体のバランスをとりながらくぐります。　難易度の高いあそびです。より慎重に動くためには、頭部の位置と足の動きの両方に注意を向ける必要があります。, , , ,,
破ってくぐって新聞紙,運動/感覚統合,発達の気になる子の　学校・家庭で楽しくできる感覚統合あそび,やわらかい新聞紙を使ったあそびを通して、細かな動きの調整力を身につけます。新聞紙の特性を生かして、破いたり、引き裂いたり、丸めたりしてみましょう。逆に破かないように気をつけて扱うことにも挑戦してみましょう。,【「痛覚鈍麻」を軽減して日ごろのけがを少なく】　やわらかな新聞紙ですが、ピンと張ると意外に強く、上手に身体を当てていかないと破けません。広げた新聞紙に体当たりすることによって「痛覚鈍麻」の軽減の効果が見こめます。痛覚鈍麻とは、痛みの感覚が鈍感な状態のことをいいます。知らないうちにけがをしていたり、日常的に壁や大人に向かって突進するような姿が見られます。,【新聞紙はあそび方いろいろ】　新聞紙は、手軽に入手できる身近な素材です。大きくてやわらかいので、丸めたり、折りたたんだりといった加工もできます。触覚の敏感さを軽減することを目的として、両手でおにぎりのようなかたく握るあそびや、片手だけで小さく丸めていくあそびなどが考えられます。,新聞紙を広げ、友達２人に両端を持ってピンと張ってもらいます。,広げた新聞紙に向かって勢いよく突進！身体で新聞紙を破ります。持つ人は、勢いで手をはなさず、しっかりとつかんでおくようにしましょう。,●新聞紙ヒラヒラ　新聞紙を小さくちぎって、高いところからヒラヒラ落とします。床にザルやバケツを置いて、そのなかに入るように上手に落とします。　新聞紙をちぎったかけらが、なるべくたくさんバケツに入るように、落とし方を工夫してみましょう。,●新聞紙リレー　まんなかに大きな穴をあけた新聞紙を頭から通し、ひざのあたりまで下ろして片足ずつ抜きます。隣の人にわたして、リレーしていきます。,●新聞紙電車　まんなかに大きな穴をあけた新聞紙の穴の部分に、１人が入り、その前後を２人で持ち、電車のように連なってゴールまで進みます。　新聞紙を破かないように、３人が歩調を合わせてゴールを目指します。, , , ,,
鉛筆あやつり,運動/感覚統合,発達の気になる子の　学校・家庭で楽しくできる感覚統合あそび,学習の場面で欠かせない鉛筆の握り方の基礎を養うための手あそびです。指の機能分化（５本の指がそれぞれ役割をもち、機能を発達させていくこと）を促すだけでなう、それぞれの役割を確認することができます。,【ボタンをはめるなど細かい動作をスムーズに】　親指・人さし指・中指の３指を器用に動かすための土台として、小指・薬指・中指の支持機能が必要です。このあそびを通して、支持性が高まると、ボタンの留めはずしや、靴ひも結びなどにも効果があらわれるでしょう。,【すぐに握り方が変わるわけではない】　鉛筆の握り方はなかなか修正することができません。このあそびを何回かやったという程度では、改善するまでいかないでしょう。大切なのは、不器用な子の多くは、まだ指の機能分化に課題が見られるということを理解しておくことです。長期的、継続的な取り組みが大切になります。,鉛筆を机の上に数本用意します。親指・人さし指・中指で１本つまみ、小指と薬指のほうへ移動させて握ります。これを繰り返して、できるだけたくさんの鉛筆を小指と薬指で握ります。,利き手ではないほうの手でも、やってみましょう。スムーズにできるようになったら、目標の本数を何秒で握れるか、挑戦してみましょう。,●鉛筆をまわす　鉛筆の先に旗をつけます。絵のように鉛筆を縦に持ち、親指・人さし指・中指で、クルクルまわします。,●鉛筆のぼり下り　鉛筆の根本５cｍと、先端にしるしをつけます。親指・人さし指・中指で鉛筆を上下に送りだしながら、鉛筆を上下に動かします。小指・薬指の支持性（鉛筆が落ちないように支える力）についても確認しましょう。,●消しゴムを持ちながら書く　まず、消しゴムを小指・薬指の２本で握ります。次に、親指・人差し指・中指で鉛筆を絵のように正しく持ち、消しゴムと鉛筆を両方持ったままで文字を書きます。消しゴムを握ることで小指と薬指の支持性が増すので、楽に文字を書くことができます。, , , ,,
砂あそび、はじめの一歩,運動/感覚統合,発達の気になる子の　学校・家庭で楽しくできる感覚統合あそび,触感が敏感で、砂が手につくのがいやがったり、「汚れる」「不潔」と感じて砂や泥に苦手意識をもったりする子が、砂あそびの楽しさを経験できるあそびです。触感過敏を軽減することは、社会性を身につけることにつながっていきます。,【小さな一歩から友達の輪に入れるように】　砂場は子どもの社交場です。しかし、友達とあそびたい気もちがあっても、泥や砂あそびに苦手意識があることで、輪に入れず、仲間から浮いてしまう子がも少なくありません。はじめは無理をせず、例えばみんなが砂山を作っていれば、砂が苦手な子にも仕上げのひとすくいを手伝うよう促すなど、大人は子どもが無理なく輪に入れるように導きましょう。,【あそび終わったらしっかり手洗いを】　汚れを気にする清潔思考の子には、終わった後にきれいに手を洗うことを促し、「きれいになったね」と声かけを。「汚れてもちゃんと落ち着いてきれいになる」という体験を重ねることで、抵抗がやわらいでいきます。,砂を両手ですくって、別の場所にサラサラと落とします。,１を繰り返して、砂の山をできるだけ大きく作ります。,●名前を書く　砂を平らにならし、その上に、指で自分の名前を書きます。　砂のひんやりとした感覚を、指で感じることがもできます。,●砂山を作る　両手を広げてブルドーザーのように土を寄せ集めて、まんなかに大きな山を作ります。一度にできるだけたくさんの砂を運びましょう。　触覚だけでなく、固有感覚も意識した活動になります。,●棒倒し　２人以上であそびます。砂山に棒を立てて、順番に少しずつ山を切り崩して砂を自分のところに集めます。棒を倒したら負け、砂をたくさん集めた人が勝ちです。山からどのくらい砂を取ったら棒が倒されるのか、見きわめが上手になることを目指しましょう。, , , ,,
片足立ちバランス,運動/感覚統合,発達の気になる子の　学校・家庭で楽しくできる感覚統合あそび,片足立ちのように不安定な姿勢を保つためには、平衡感覚や固有感覚の働きが不可欠です。スリッパを使うと、落ちないようにするために足への意識が高まります。足の動きを微細に調節しながら、同時に身体のバランスもキープしなければならず、難易度がぐんと上がります。,【不安定な場所への恐怖心を軽減】　平衡感覚が敏感な子は、片足立ちのような不安定な姿勢を保てるようになっていくことで、高い場所への恐怖心や、ブランコなど揺れるものへ不安定を軽減することができます。,【大人がルールを決めてより効果的なあそびに】　平衡感覚が敏感な子は、片足立ちになって平衡感覚に刺激が入ると、より大きな刺激がほしくて、無自覚のうちにクルクルとまわりだしてしまうことがあります。サポートする大人が制限時間を決めたり、あそびのルールを決めたりすることで、より効果的なあそびになります。,手を胸の前でクロスさせ、片足立ちで何秒立っていられるか数えます。左右の足で交互にやってみましょう。,２０秒くらい片足で立っていられるようになったら、次は目をつぶって、同じようにやってみましょう。,●スリッパで片足立ち　片足にスリッパをはき、ひざを上げて片足立ちをします。軸足は、靴をはくか、はだしで。足首の角度を調節し、スリッパが落ちないようにしましょう。身体の軸を意識しながらバランスをとり、同時に足首の曲げ具合を調節します。,●スリッパ飛ばし　アレンジ１の姿勢から、上げた足を前に振り上げて、スリッパを遠くに飛ばします。飛んでいく様子をきちんと見届けましょう。また、飛ばした後、すぐに足を地面についてしまわないようにがんばってみましょう。,●スリッパまでケンケン　アレンジ２で飛ばしたスリッパをケンケンで取りにいき、スリッパをはいたらｍ再びケンケンでもの場所に戻ります。, , , ,,
ブランコでユラユラ,運動/感覚統合,発達の気になる子の　学校・家庭で楽しくできる感覚統合あそび,ブランコは、平衡感覚を刺激する代表的なあそびです。平衡感覚が敏感で、ブランコを怖がる子は、まず座って足を地面からはなすことから始め、ゆっくり進めましょう。落ちないようにつかまったり、自分でブランコをこいだりするためには、固有感覚も必要です。,【１人１人に合った刺激で平衡感覚を整える】　平衡感覚が敏感な子は、不安定な場所や高いところを怖がることが少なくありません。小さめの揺れにとどめ、ブランコの上で身体のバランスを保つことを体験しながら、恐怖感を減らしていきましょう。平衡感覚が鈍感な子には、ブランコあそびは楽しいもの。感覚を満足させる経験を重ねながら、過剰な刺激への欲求を少しずつ減らしていきます。,【子どもが満足するまでたっぷりあそび】　平衡感覚が鈍感な子は、放っておくと30分でも1時間でも、周囲が心配になるほど激しく揺れていることがあります。それは、足りない刺激をブランコによって補おうとする行動です。ただし、子どもが自分でブランコを揺らすだけでは、なかなか満たされません。大人がより大きな揺れを作ってあげることで、満たされるようになるのです。子どもは、満足する体験を重ねることで、鈍感さを解消していきます。,大きな刺激を求める子の場合平衡感覚が鈍感な子は、刺激をたくさんほしがります。大人は子どもの背中を押して、強く揺らしましょう。本人が「もういい」と言ってやめるまで続けます。,揺れるのを怖がる子の場合平衡感覚が敏感な子は、わずかな揺れでも怖がることがあります。ブランコに乗りたがらない場合は、大人がブランコに乗り、ひざの上に子どもを乗せることから始めましょう。,●形当てゲーム　ひらがなや、丸、三角、四角などの図形をかいた紙を用意しておき、揺れている最中にそれをチラッと見せます。子どもはそれを当てます。移動しながら紙を注視するため、平衡感覚と視覚を同時に育てます。,●ハンカチキャッチ　ブランコが揺れている間に、差しだされたハンカチをキャッチします。キャッチする瞬間、子どもは片手を鎖からはなさなければいけません。「手をはなすタイミングを間違えず、反対の手でしっかり鎖をつかんでおけば、ブランコから落ちることはない」と実感できることが大切です。,●立っこぐ　ブランコの底面に立ちます。まずは横に少し揺らしてみて、怖くなければ、ひざを使って前後にこぎます。自分で揺らせない場合は、子どもは座り、大人がその左右に足を置いて立ち、ゆっくり前後にこぎましょう。, , , ,,
長なわジャンプ,運動/感覚統合,発達の気になる子の　学校・家庭で楽しくできる感覚統合あそび,全国の小学校で取り組まれている長なわとびは、固有感覚や平衡感覚、視覚、聴覚など、あらゆる感覚を総動員して楽しめるあそびです。苦手な子も、なわに目印をつけることで、タイミングをつかみやすくなります。,【できることを１つ１つ増やしていく】　まわるなわが怖くて入れない子は、基本のあそびからアレンジ１、２、３へとステップを踏みながら練習するなかで、タイミングを身体で覚え、次第に跳べるようになっていきます。子どもが自信をもって友達の輪のなかへ入っていけるよう、大人は子どもの「できないこと」よりも「できること」に注目しながら、じっくりサポートしていきましょう。,【両足をそろえて跳ぶことが成功のカギ】　長なわとびは、両足はそろえて跳ぶことが第一のポイントです。走ってきて、なわの前で両足をそろえて跳ぶ。この基本の動作のリズムを身体で覚えると、次のステップでの成功率が上がります。まずは止まったなわをつかって、この「両足跳び」の感覚をつかみましょう。,長なわを地面にまっすぐに置きます。子どもはなわに向かって走り、なわの前で両足をそろえてなわを跳び越えて、走り抜けます。,大人は、「走る・足をそろえる・両足で跳ぶ」の動きに合わせて、「ター・タットン」と口伴奏を。,●くぐり抜ける　長なわの中央に目立つ色のバンダナを結び、大人が長なわをまわします。子どもはなわに当たらないようにくぐり抜けます。,●１回ジャンプ　アレンジ１ができるようになったら、今後はくぐり抜けずに、基本のあそびでやった「両足跳び」を思い出してなわをジャンプします。まずは１回跳べれば、成功です。,●ジャンプ＆ゴー　アレンジ２で何度か続けて跳べるようになったら、ジャンプの後、なわを抜ける練習をします。一度跳んだバンダナが追いかけてきたら、逃げるように、なわから出ます。ポイントは、なわに対して斜め方向に走り抜けること。当たらずに逃げられれば成功です。できるようになったら、バンダナをはずしてチャレンジしましょう。, , , ,,
バケツで砂あそび,運動/感覚統合,発達の気になる子の　学校・家庭で楽しくできる感覚統合あそび,重たいものを持って運んだり、砂を入れたバケツをグルグルまわしたりするためには、身体とバケツのバランスをとることが求められます。平衡感覚や固有感覚の使い方を養いましょう。触覚が敏感な子にとっては、触覚防衛反応を軽減するきっかけとなります。,【「こばれそうでこぼれない」不思議な感覚を体感する】　バケツの砂が入っているのに、グルグル回転させても落ちてこない。けれど、こわごわまわすとこぼれてしまう。この不思議な感覚を経験しながら、固有感覚を調整するあそびです。給食などで、器に上手におかずを盛る、こぼさないように運ぶなど、日常的な動作の改善にもつながります。,【無理なく少しずつ砂にふられるように】　砂にふっるのをいやがる子には、かわりに水を使ってもよいでしょう。最初は砂にふられればOKとし、少しずつふられるようにしていきましょう。また、バケツを回転させるのを怖がる子には、大人が手本を見せ、中身が落ちてこないことを伝えましょう。,バケツに砂をたっぷり入れます。砂を入れたバケツを持ち、身体ごとまわりながら、バケツを水平方向に回転させます。,水平方向の回転ができたら、次は垂直方向にまわします。バケツが逆さまになっても、勢いよくまわせば、砂は落ちてこないことを体感しましょう。,●砂山を作る　バケツいっぱいに砂を入れ、それを別の場所に運んで、大きな山を作ります。手で作るよりも早く、大きな砂山を作れるおもしろさを体験すると、面倒くさがりな子でも、何度も往復して運ぼうとします。,●巨大プリンを作る　バケツいっぱいに砂をギュッと詰め、それを逆さに置き、バケツだけをそっと持ち上げて、プリンを作ります。詰め方が甘いと崩れてしまいます。詰めすぎてうまく取り出せないときは、バケツをそっと揺らしながら持ち上げるよう教えます。ちょうどよい力の入れ方を学んでいきます。,●ピラミッドを作る　プリンが上手に作れるようになったら、プリンを６個使った三角形を作ります。その上にさらに３個のプリンをのせ、最後にその上に１つのプリンをのせ、プリンのピラミッドを作ります。土台の部分を崩さないように、立ち位置にも気をつけます。微妙な力の調整が必要になる作業です。, , , ,,
なりきり鉄棒,運動/感覚統合,発達の気になる子の　学校・家庭で楽しくできる感覚統合あそび,鉄棒を使って、いろいろなものになりましょう。うでや足に力を入れて鉄棒にしがみついたり、姿勢を固定させたりすることで、固有感覚の使い方を育てます。また、鉄棒にぶら下がり、足が地面からはなれることによって、平衡感覚への感覚刺激情報が入ります。,【アレンジを通して、逆上がりのコツをつかむ】　「鉄棒が嫌い」という子がいます。その多くは、「ぶら下がる力が弱い」というところからスタートしています。まずは、ぶら下がっていられる時間を少しずつのばしていくことを目指しましょう。ここで紹介したさまざまなアレンジを通して、逆さまになる感覚を受け入れ、また身体を鉄棒に引き寄せる力をつけましょう。,【鉄棒からの下り方など細かな動きに注目を】　ぶら下がる力がついてくると、下りるときの様子も変わってきます。パタンと両足を無造作に投げだすようにする下り方から、そっとていねいな下り方になっていきます。ぶら下がっている姿勢だけでなく、こうした細かな動きの成長を見届けることもポイントになります。,手をで鉄棒をつかみ、両足を鉄棒に引っかけて、ぶら下がります。「豚の丸焼き」のイメージです。２０秒間、地面に足をつけずに姿勢をキープしましょう。,２０秒ぶら下がっていられるようになったら、ぶら下がったままうでを曲げて、身体を鉄棒に引き寄せたり、背中を後ろに反らせたりしてみましょう。,●ふとん干し　両手でしっかり鉄棒を握り、身体を持ち上げたら、上体をゆっくり折り曲げるようにして、ぶら下がります。干されたふとんのイメージです。１０秒ほど姿勢を維持できるようになったら、両手をはなしてみたり、ゆっくり身体を起こしてみたりしましょう。,●つばめ　アレンジ１の姿勢から、おなかに体重をかけたまま、背筋をまっすぐにのばします。背中とおなかに力を入れましょう。枝でひと休みするつばめのようなイメージです。,●だんごむし　逆手で鉄棒をつかみ、うでを曲げて胸を鉄棒に引きつけます。そのまま足を曲げ、だんごむしのように、身体を小さく丸めます。うでの力だけで全身の体重を支えます。, , , ,,
フラフープキャッチ,運動/感覚統合,発達の気になる子の　学校・家庭で楽しくできる感覚統合あそび,フラフープをまわしたり、転がしたりするときには、力の入れ具合を調節する必要があります。またフラフープと自分の身体との位置関係をとらえたり、キャッチするタイミングをつかんだりすることによって、ボディイメージや視空間認知を育てます。,【ボディイメージや視空間認知の力を育てる】　フラフープあそびでは、自分の身体とフラフープの位置関係を把握し、力の入れ具合を調節することが不可欠です。ボディイメージや視空間認知が育つと、人やものにぶつかったり、相手を突き飛ばしてしまったりするような行動が減ります。また、目の使い方が育ち、教科書を読んだり、板書をノートに写したりすることの苦手を軽減することにもつながっていきます。,【視線の向け方が成功のポイント】　アレンジ２，３でフラフープをうまく転がせないときは、子どもの視線に注意します。まず、フラフープを支える手もとを見て、次にフラフープを転がしたい方向を見定めてから転がします。転がす前に具体的にイメージすることで、身体を的確に動かせるようになります。,フラフープを地面に垂直に置き、手でつかみます。フラフープのバランスをとりながら手をはなし、倒れる前に再び手を置きます。何秒はなしていられるか数えましょう。,フラフープは、ほどよい力加減でつかもう。,●コマまわし　フラフープを指でつまみ、手首を使ってコマのように回転させます。できるだけ速く、長くまわせるように工夫してみましょう。まわしているときに自分のフラフープがふれないようにするには、腰を引いた姿勢になる必要があります。,●遠くへ転がす　身体の利き手側にフラフープを立て、前方にまっすぐ転がします。転がす速度や押しだす方向を考えながら力の加減を調節して、できるだけ遠くまで転がせるようにします。できるようになったら、いろいろな方向へ転がしてみましょう。,●転がしてキャッチ　アレンジ２ができるようになったら、転がしたフラフープを追いかけてキャッチします。最初は短い距離から始め、キャッチできるようになったら、思い切り転がして、走って追いかけましょう。, , , ,,
動いてストップ！,運動/感覚統合,発達の気になる子の　学校・家庭で楽しくできる感覚統合あそび,合図や指示に合わせ、身体を動かして、止める。この繰り返しを楽しむあそびです。ピタッと動きを止めたまま、よろめかないように姿勢を保つためには、平衡感覚、固有感覚、視覚などを総動員して使う必要があります。,【集団生活のなかで協調性をもって行動する】　このあそびは、人の合図や指示に合わせて、自分の身体と心をコントロールする力を育てます。学校や家庭での集団生活のなかでは、家族や友達と一緒に行動することが必要になる場面がいくつもあります。状況に応じて気もちを切りかえたり、その場の状況に折り合いをつけたりすることは、協調性をもって行動したり、学習に集中したりする力をはぐくむことにつながります。,【人の合図に合わせて自分の身体を動かす】　まずは、人の合図に合わせて自分の身体をコントロールできるようになることが大切です。基本のあそびでピタッと身体を止めることができない子には、大人の合図で「手はひざに」など、自分の身体の一部にふれるあそびにアレンジしましょう。「５、４、３、２、１、ストップ！」と、「ストップ」までの時間が予測できるように合図すると、心の準備をしながら止めることができるようになります。,鬼を１人決めます。鬼が背を向けて、「だるまさんが転んだ」と言って間に、ほかの子は身体を動かし、できるだけ鬼が近づきます。,「だるまさん転んだ！」と言い終わる瞬間、鬼が振り返り、ほかの子は動きを止めます。鬼に動いているのが見つかったら負けです。,●ボールや缶を使う　地面に、ボールや缶を置きます。鬼の「スタート」の合図で、ボールや缶のまわりをグルグル歩き、鬼の「ストップ！」の合図とともに、片足をボールや缶にのせます。動いたら負け。不安定な状態で身体のバランスを保つ練習になります。,●幸せならハイタッチ　『幸せあんら手をたたこう』の歌をうたいながら自由に動き、「パン、パン」と手をたたくところで、周囲の友達とハイタッチします。相手の動きに合わせる練習になります。,●人混みでノータッチ　地面に大きな四角をかきます。複数の子どもがそのなかに入り、好きな方向へ早歩きします。「絶対に人の身体にふれない」「線から出ない」がルール。ぶるかりそうになったら、スピードをゆるめたり、すばやく方向転換したりしましょう。ボディイメージを育て、相手との距離感の調整力や、他者の動きを予測する力を養います。, , , ,,
うんていブラブラ,運動/感覚統合,発達の気になる子の　学校・家庭で楽しくできる感覚統合あそび,ぶら下がるあそびなので、まずは両足が地面からはなれる状態を受け入れることが必要です。うんていの棒を握り続けたり、体重を支え続けたりと、金人の緊張を保持する力も求められます。固有感覚、平衡感覚、触覚、視覚などを総合的に育てるあそびです。,【自分の握力で身体を支える経験が自信を育てる】　高さを怖がる子は、鉄棒などの低めの遊具を使い、まずは足がつくところで「ぶら下がる」ことを体験しましょう。自分の握力で身体を支えられるという自信をもてれば、恐怖心は減っていきます。できるようになると、あきらめやすかった子が「もう少しがんばってみよう」という姿を見せようになります。１つ先に進めるようになったら、成長を喜びましょう。全部わたりきれたときに見せる表情は、たくましく感じられるはずです。,【うんていあそびの５つのポイント】　うんていを使ったぶら下がりあそびができるようになるためには、①鉄棒を握り続ける力、②体重を支え続ける力、③両足が地面からはなれる状態を受け入れる力などが必要です。また、ぶら下がりながら前へ進むためには、④身体を前後に揺らす力、⑤前にのばした手と、その先にある鉄棒に位置関係をとらえる力が必要になります。その子に足りないのはどの部分かを見きわめて、サポートしましょう。,うんていにぶら下がります。怖いようなら、大人が下から少しだけ支えてあげましょう。ただし、支えてあげすぎないように気をつけましょう。子どもが自分で体重を支えるように応援します。,自分の力でぶら下がれるようになったら、そのまま両足を前後に振り、体を揺らします。,●身体を揺らす　鉄棒にぶら下がったまま、身体を大きく前後に揺らします。腹筋に力を入れて、足を前後に振り、うまく身体を揺らすことができると、アレンジ２の前に進む動きにつながっていきます。自分で揺らせない場合は、大人が軽く背中を押してあげましょう。,●前に進む　アレンジ１でやった「揺れる」動きを利用して、次の棒に手をかけ、移動します。うまくできないときは、大人が軽く身体を支え、最後まで進む達成感を感じられるようにしましょう。「自分でやりたい」という気もちがふくらみます。,●着地する　あらかじめ地面に円をかいておき、着地する位置を決めます。アレンジ２の手順で、目標の場所の少し手前まで進んだら、身体を前後に振り、円のなかに着地します。円の真上から落ちるのではなく、少し手前から円を目指して着地するのがポイントです。, , , ,,
すべってストップ！,運動/感覚統合,発達の気になる子の　学校・家庭で楽しくできる感覚統合あそび,すべり台をすべり下りるあそびは、平衡感覚や固有感覚の感覚刺激を満たします。すべり下りるのを途中で止めたり、すべり台をのぼったりと、重力に逆らう動きも取り入れて、バリエーションを楽しましょう。,【手と腕の力で身体を引っぱる】　すべり下りる途中で止まったり、傾斜をのぼったりするあそびは、重力に抗う動きを作るあそびです。ボディイメージを育て、踏んばったり、引っぱったり、身体全体を支えたりする運動へとつながります。,【みんなであそぶときのルールを伝える】　ルールを守るのが苦手な子もいます。すべり台を下からよじのぼったり、後ろ向きにすべったりするのは、ほかの子どもたちと公園であそぶときにはルール違反です。「大人がそばにいるときだけ」「周囲を見わたして、ほかの子に迷惑がかからないときだけ」行ってもよいことを、ていねいに伝えましょう。,すべり台を、座った姿勢でゆっくりすべり下ります。,最後まで下りてしまう前に一時停止し、数秒間そのままキープします。,●すべり台のぼり　すべり台を下からのぼります。傾斜に逆らってのぼるためには、手や足の踏んばる力、握る力が必要です。,●姿勢を変える　すべり台にあお向けに寝そべって、背中をつけたまますべります。足もとや着地点が見えないので、終点を予測する感覚が育ちます。あお向け以外にも、ひざを抱えて「体育座り」の姿勢になったり、うつぶせになったりと、さまざまに姿勢を変えてみましょう。,●後ろ向きにすべる　後ろ向きの姿勢で、おしりからすべります。進む方向が見えないままスピードを調整しながらすべるため、ボディイメージや、筋肉の張り具合を調整する力、身体のバランスをとる平衡感覚などが育ちます。, , , ,,
すもうでハッケヨイ,運動/感覚統合,発達の気になる子の　学校・家庭で楽しくできる感覚統合あそび,力を入れて四股を踏みましょう。片足を上げた姿勢を保持したり、押しずもうや、おしりずもうで相手と押し合いながら身体のバランスをとろうとしたりすることで、平衡感覚が育ちます。また、四股踏みの動作の後にぐらつかないようにすることで、固有感覚の使い方も向上します。,【「すもう」あそびで身体の軸を作る】　負けないように踏んばったり、身体のバランスを保持したりして、身体の軸を作りましょう。姿勢の保持や、身体の動きのぎこちなさの改善につながります。触覚が敏感な子は、他者と身体的に接触するあそびをいやがることもあります。すもうあそびを通じて友達とふれあいながらあそぶことで、人との距離をほどよく保ったり、コミュニケーションをとったりする練習にもなります。,【勝負後、気もちを上手に切りかえる】　思いどおりにいかないとむきになりやすい子、勝ち負けに執着する子がいる場合、押しずもうやおしりずもうをするときは、「勝負は１０秒まで」などと時間に区切りを設け、子どもが興奮しすぎないよう、大人がリードしましょう。負けてしまったときは「昨日より強くなったよ」「もっと強くなるためには何をすればいいかな？」などと声をかけて、気もちの切りかえ方を伝えていきましょう。,ひざに手を当て、四股を踏みます。力士が四股を踏む動作で、片足を上げ、しばらくそのままの姿勢をキープした後、力強く足を地面に下ろします。,手はひざに置く。足は大きく横に広げる。足を上げた姿勢を保持する。,●押しずもう　友達と向かい合って立ち、手と手で押し合います。押すと見せかけて押さないなど、心理作戦も取り入れてかもいません。足が動いてしまったほうが負けです。台の上でやると、難易度が上がります。,●おしりずもう　地面に円をかき、そのなかに子ども２人が背中合わせで立ちます。おしりとおしりで押し合い、先に円からはみだしたほうが負けです。３人以上集まったら、円を大きくして押しくらまんじゅうのようにしてよいでしょう。手は使いません。,●大根抜き　１人が抜かれる前の大根の役となり、寝そべります。「ヨーイ、ドン！」の合図で、１人が上半身を押さえ、もう１人が足を引っぱります。「ストップ！」の合図で引っぱるのをやめます。大根の役の子を、より多く自分のほうへ引っぱった子の勝ち。どのくらい引っぱると相手が痛がるかなど、友達に対する力の入れ方や「やりすぎ」などの加減の感覚を学びます。, , , ,,
背中クイズ,運動/感覚統合,発達の気になる子の　学校・家庭で楽しくできる感覚統合あそび,背中にかかれた形や文字を頭のなかでイメージして当てる、クイズあそびです。見えないところから入ってくる感覚情報を受け止め、頭の中で整理します。触覚防衛反応を軽減させ、ボディイメージを育てることにつながります。,【触覚が敏感な子の防衛反応をやわらげる】　触覚が敏感で、他人にふれられることに抵抗感がある子は、集団のペースに折り合いをつけられない傾向があります。他人にふれられる刺激を受け止めるあそびは、防衛反応の軽減につながり、集団行動ができるようになることが期待できます。,【最初は広い面積でしっかりとふれる】　触覚が敏感な子には、「今からかくよ」まず声をかけてから、手のひら全体をしっかり子どもの背中にふれさせて、力強くかくのがポイントです。ふれる面積が小さかったり、ふれ方がやさしすぎたりすると、不安感をあおり、防衛反応が起こりやすくなります。,子どもの背中に三角や円などの形をかきます。子どもは、その形を当てます。難しい場合は、あらかじめ紙などにいくつか形をかいておき、目で見ながら正解を選べるようにするとよいでしょう。,線の始まりと終わりや、角の部分を、しっかり止めてかくと、子どもが形をイメージしやすくなる。,●げんこつでかく　手でげんこつを作り、子どもの背中にしっかりとふれます。そのままげんこつを動かして、形や文字をかきます。ふれられることへの抵抗感がやわらいできたようなら、げんこつの角度を調整して、ふれる面積を減らします。子どもの反応を見ながら、慎重に。,●指でかく　げんこつに慣れたら、接する面積を小さくして指で形や文字をかいてみましょう。指の本数を、３本、２本、１本と少なくしていきます。指の本数だけでなく、ふれる強さも調節して、微細なタッチでも受け止められるように練習しましょう。,●文字を書く　子どもの背中に文字を書き、子どもがそれを当てます。文字は、ひと筆書きの三角や円などに比べて、難易度が上がります。より集中力が必要です。まずは、画数の少ない簡単な文字から挑戦するとよいでしょう。, , , ,,
ねんどであそぼう,運動/感覚統合,発達の気になる子の　学校・家庭で楽しくできる感覚統合あそび,ねんどは、ちぎる、丸める、たたく、平たくのばす、棒状にのばす、くっつけるなどさまざまな用い方ができる素材です。指先、手のひら、うで全体の力の入れ具合を調節することに役立てられます。ねんどであそべるようになると触覚防衛反応の軽減にもつながります。,【紙ねんどをきっかけにねんどあそびの楽しさを知る】　紙ねんどは、ねんどのなかでも比較的手触りにべたつきが少ないのが特徴です。触覚が敏感な子は、油ねんどや絵の具など、ベタベタした感触のものが苦手な傾向があります。紙ねんどで造形あそびを楽しめるようになると、次第に触覚の敏感さが軽減されていきます。また、ねんどをこねる、色を練りこむなどの動作は、手指の機能分化（親指・人さし指・中指は主につまむ、ちぎるなどの機能性が高くなり、中指から小指までは、主に押さえる、握りこむなどの支持性が高くなっていく。こうした指の役割分担が進むこと）が進みます。,【ねんどの素材を変えてさまざまな触感を楽しむ】　紙ねんどを扱えるようになったら、小麦粉ねんどや油ねんどなど、違う素材のねんどを使ってみましょう。小麦粉ねんどは、粉に水を混ぜてかたせを自分で調節する楽しみがあります。油ねんどは、触覚が敏感な子にとって難易度が高いものですが、重さや質感があります。,紙ねんどを、できるだけ細かく、同じ大きさにちぎります。,ちぎった紙ねんどを、だんご状に丸めて並べます。できるだけ表面がなめらかになるように整形します。,●色を練りこむ　紙ねんどをくぼませて、好きな色の水彩絵の具や食紅を入れます。よく練って、ねんど全体に均等に色を行きわたるように、練りこみます。,●平たくのばす　ひとかたまりのねんどを、平たくのばしていきます。できるだけ均一の厚さになるように調節します。のばすときに、手のひら全体でねんどを押すようにしましょう。,●同じ太さの棒を作る　ひとかたまりのねんどを、手で転がすようにして、棒状にしていきます。棒状になったら、さらに細かくして、できるだけ長いひも状にします。２人以上でやる場合は、同じ大きさのかたまりから、だれがいちばん長くできるか競ってもよいでしょう。力の入れ具合を上手にコントロールしましょう。, , , ,,
押し当てあそび,運動/感覚統合,発達の気になる子の　学校・家庭で楽しくできる感覚統合あそび,触覚防衛反応の軽減を目的とした活動です。自分の身体に何かがふれたときに、落ちついて、その部分に意識を向けることができることを触覚定位といいます。触覚定位を促し、自分の外の世界からの感覚情報を受け止める力を育てます。,【他者とふれあいながら関係を深める】　触覚が敏感なために、他者とふれあうのが苦手で、家族や友達とのかかわりが希薄になってしまっている子がいます。このあそびを繰り返し、ふれあうことへの抵抗感を減らしていければ、じゃれ合ってあそんだり、愛着関係を深めたりできるようになっていきます。,【受け入れやすいものからふれていく】　触覚が敏感な子は、温かいものよりも冷たく感じるもの、やわらかいものよりもかたいもの、接触面が小さいものよりも大きいもののほうが、抵抗なく受け入れられる傾向があります。また、そっとふれると防衛反応が出やすいため、グッと圧を加えるような感じでふれるようにするとよいでしょう。,そでをひじまでまくって差しだし、手のひらを上に向けます。大人は、子どものうでに缶を押し当てながら転がします。,「さぁ、いくよ」と声をかけたり、「♪でーんでんむーしむし、かーたつむり、ギュッギュッ」など歌のリズムに合わせて缶を動かしたりすると、子どもは次の動きを予測しやすくなり、防衛反応を抑えることができます。,●スポンジを使う　缶の次は、スポンジを使います。最初はグッと押しつけて、ひじまでゆっくりと磨き上げるように。力を弱めると、くすぐったさが増して抵抗感が大きくなります。子どもがいやがらない範囲で、動きや強さをアレンジしましょう。その際、子どもの視線が「スポンジの動きを追っているか」を確認するようにします。,●なべつかみを使う　人の手の感触を受け入れる前段階として、なべつかみをはめた手で、子どもの手を握り、ひじまで押し当てます。なべつかみの感触を受け入れられるようになったら、子どもが「ストップ」と言って、相手の動きを止めるゲーム性を入れても。,●いっぽんばしこちょこちょ　大人の手を使って、『いっぽんばしこちょこちょ』などのふれあいあそびをします。基本のあそびからアレンジ３まで、触感定位が見られるか、子どもの様子を見ながら、根気強く続けましょう。, , , ,,
ふとんで巻きずし,運動/感覚統合,発達の気になる子の　学校・家庭で楽しくできる感覚統合あそび,身体をふとんで巻いて、身体全体が圧迫される感覚を楽しむ「圧覚あそび」です。身体全体に一定の強さの圧がゆっくりかかると、気もちが落ちつきます。また、身体を押される感覚によって、自分の身体のどこにふれられているかを感知する力が育ちます。,【気もちを落ちつけ自己刺激行動を減らす】　固有感覚が鈍感な子は、自己刺激行動として、身体の一部を壁にぶつける、あごやこめかみをたたくなど、自傷的な行動をすることがあります。ギュッと圧迫されることで安心し、気もちを落ちつけることができます。適切なかかわりを続けることで、自傷的な行為が軽減することもあります。,【スキンシップの前段階としてのあそび】　触覚防衛反応が強く、ふれられることをいやがる子にとって、直接肌にふれるスキンシップは抵抗感が強いことがあります。このあそびは、ふとん越しの接触なので、比較的受け入れやすいでしょう。まずは他者にふれられることに対する苦手意識を軽減し、スキンシップをとれるように少しずつ導いていきましょう。,ふとんの上に寝そべった子どもの身体を、くるむように巻きます。,ふとんの上から押し、子どもの身体に圧力を加えます。,●ふとんを増やす　ふとんの枚数を、２枚、３枚と増やしていきます。子どもの身体を転がしながら巻くと、平衡感覚にも感覚情報を入れることができます。表情や顔色をよく見て、呼吸が苦しくなっていないか確認しながら行いましょう。,●自分でほどく　自分で身体を転がして、ふとんをほどいていきます。体感のひねりを意識させ、ボディイメージを育てます。,●大人が転がす　子どもがふとんに巻かれた状態から、ふとんごとゴロゴロと転がします。まわしてもらうことで、平衡感覚により強い感覚情報を入れることができます。また、ふとんを挟んで大人の手の感触や、床の接触、圧力などを身体全体を感じることができます。, , , ,,
シーツブランコ,運動/感覚統合,発達の気になる子の　学校・家庭で楽しくできる感覚統合あそび,あお向けに寝た状態で行うブランコあそびです。シーツを動かす向きを変えたり、揺らすスピードを変えたりします。平衡感覚が敏感な子には、ゆったりとした揺れで不安定な状態に対する苦手意識を少しずつ克服できるようにしましょう。鈍感な子には、揺れを激しく大きくします。,【行動や情緒の安定につながる】　一定のテンポで静かにゆっくり揺らすと、心理的な落ちつきがもたらされます。強く激しく揺らすと、興奮します。このように平衡感覚と心理には強く結びつきがあります。平衡感覚が鈍感な子に強い揺れの感覚刺激を入れると、不足している感覚刺激が満たされ、行動も落ちついていくといわれています。,【子どもに合わせて強さを調節する】　基本のあそび→アレンジ１→アレンジ２→アレンジ３と、少しずつ揺れる幅やスピードが大きくなっていくように、段階を設定しています。子どもが怖がっていれば段階を下げる、「もっとやって」とせがむようなら段階を上げるなど、１人１人の感覚の受け止め方に合わせて調節しましょう。,床にしいたシーツの上に寝そべります。大人２人でシーツの四隅を持ち、少しだけ空中に浮かせます。,浮かせた状態から、再び床に下ろします。浮かせて下ろすとい上下の動きをゆっくり繰り返します。,●小さく揺らす　大人２人で、子どもがのっているシーツを持ち上げ、左右に細かく揺らします。空中で小刻みに揺らすことで、シーツと身体がこすれて、触覚への感覚情報を入れることも期待できます。,●横に大きく揺らす　子どもがのっているシーツを左右に大きく、ブランコのように揺らします。慣れてきたら、スピードを速くするなどして、動きに緩急をつけます。平衡感覚はもちろん、スピードに対応して体感を引き締められるようにするため、固有感覚も育てられます。,●浮遊させる　子どもをのせたシーツをすばやく下に下ろします。子どもはシーツが落ちるときに、一瞬、浮遊する感覚を味わいます。シーツの底が床に当たらないよう、十分に注意しましょう。「いつ落ちるかな」と身構えたり、シーツが落ちるときにとっさに体を緊張したりすることで、３つの基礎感覚を使います。, , , ,,
回転バレリーナ,運動/感覚統合,発達の気になる子の　学校・家庭で楽しくできる感覚統合あそび,平衡感覚が敏感な子のためのあそびです。平衡感覚が敏感だと、回転遊具、ブランコ、すべり台、トランポリンなどをいやがることがよく見られます。無理のない範囲で、自分でまわることから始めてみましょう。,【過剰な反応を抑え不安感をやわらげる】　平衡感覚が敏感な子は、足もとが不安定な状況を極端にいやがり、感情的に拒否することがあります。また、他者と少しふれたり、不意に押されたりするときに、まるで高いところから突き落とされたかのような反応を示すことがあります。これは、平衡感覚への刺激に脳が過剰反応し、強い不安を感じるためです。このあそびでは、無理せずゆっくりまわることから始め、まった後に止まったり、まわりながら大人の手にタッチできるようになったりすると、情緒面の安定につながります。,【つまずきの根っこをていねいに読み解く】　平衡感覚が敏感であるという知識があれば、子どもの不安や警戒心の理由が見れてきます。なかには、「いやだ」「やりたくない」などといった言葉で「怖い」という気もちを表現する子もいます。つまずきの根っこを洞察的に読み解くことを大切にしましょう。,足もとにビニールテープなどで目印になる線を引き、足を肩幅程度に開いて、線をまたぐように立ちます。,その場で足踏みしながら、少しずつ向きを変えて１回転します。まわり方がつかめてきたら、足の動かし方を小刻みにするなどして、速くまわれるようにします。,●片足まわり＆片足立ち　片方の足で床をけり、もう一方の足を軸足にして回転します。１回転する間に、何度けってもかまいません。また、何回かまわった後で、その場で片足立ちをします。ふらつかずに何秒立っていられるか、チャレンジしてみましょう。,●回転タッチ　大人は子どもの手が届く位置に手をかかげ、子どもは自分で回転しながら大人の手にタッチします。回転しながら、大人の手の位置をしっかりと目で確認します。,●回転キャッチ　目標となるものを、子どもから少しはなれた場所に置きます。子どもはその場で両手を広げて目がまわるまで回転した後、目標物を取りにいきます。, , , ,,
振り子アタック,運動/感覚統合,発達の気になる子の　学校・家庭で楽しくできる感覚統合あそび,振り子のように動くボールを目で追い、それに合わせて自分の身体を動かします。ボールと自分の身体との距離感をつかみ、タイミングよく打ち返したり、ぶつからないようによけたりするあそびを通して、視空間認知やボディイメージを養います。,【視空間認知力を高めぎこちない動きを軽減】　「視空間認知力」が育つと、ボールの動きを空間のなかで立体的にとらえられるようになります。ボールの軌道に合わせて打ち返し方を変えることができるくらいまで上達すると、目の動きや身体の動かし方についての意識が高まるので、机や友達によくぶつかったり、ものを落としたりするような場面が減少する効果が期待できます。,【目を使えているか確認しながら】　振り子のような、軌道が一定なものの動きを目で追う際には、眼球がわずかに輻輳（寄り目）と開散（はなれ目）を繰り返します。子どもの正面に向かい合って立ち、眼球の動きを確認しながら取り組んでください。,ゴムボールが毛糸玉を糸につるし、天井からぶら下げます。子どもが小さい場合は、大人が手に持って上から垂らしてもよいでしょう。,ボールを揺らして、戻ってきたときに手で打ち返します。揺れているボールを目で追えているかどうか確認しましょう。,●ラリーを続ける　打ったボールが戻ってきたときに、また打ち返す、という動作を繰り返します。同じリズム、同じ方向で、長く打ち続けましょう。できるだけ長く続けることで、目をそらさずに対象を見つめ続ける集中力を身につけます。,●道具を使って打つ　手ではなく、うちわやラップの芯、しゃもじなどを使ってボールを打ちます。持つものが変わることで、タイミングや力の調節が必要になります。ボールペンのような細いものを使うと、さらに難易度が上がります。,●直前でよける　打って戻ってきたボールを、ぶつかる直前でかわします。慣れてきたら、方向や力加減を変えてみましょう。ギリギリまで我慢して、ぶつかる直前にサッとよけることにも挑戦してみましょう。, , , ,,
忍術「隠れ身」,運動/感覚統合,発達の気になる子の　学校・家庭で楽しくできる感覚統合あそび,足を曲げたり背中を丸めたりして、身体をすみずみまで隠すあそびです。毛布やタオル、コートなど、それぞれの大きさに合わせて身体を隠してみましょう。特に、背中やおしりなど、見えない部分に意識を向けるこおで、ボディイメージが養われます。,【静かにするべき場面でのふるまい方の練習にも】　忍者のように息を潜めて身体を小さくしてみましょう。あそびを通して、静かにしていなければならないときのふるまい方を練習することができます。また。身体を隠すあそびは、背中やおしりなど、自分からは見えない部分を意識する機会にもなるので、ボディイメージを高める効果も期待できます。シャツのすそが出てしまうなどのつまずきの改善につながることもあります。,【布の素材の触感をあそびで体験】　毛布をかぶったり、巻きつけたりするあそびを通して、触覚にも感覚情報が入ります。質感の違う布を何種類か用意してみましょう。触覚防衛反応がある子には、素材の選び方に配慮が必要です。,毛布やタオルケットなどをかぶって、ほかの人から見えないように隠れます。忍者になりきり、身を隠したら、息を潜めます。,子どもが動かなくなったら、「忍者め、どこに隠れた？」などと声をかけ、忍者ごっこをします。友達と、どちらが上手に隠れられるか競ってもよいでしょう。,●相手の身体を隠す　子どもが大人に布をかけ、外から見えないように隠します。自分以外の人の身体の形をしっかり観察することは、自分のボディイメージを形成することにも役立ちます。,●小さなもので隠す　毛布よりも小さめのバスタオルや大人用のシャツなど、全身を覆いきれない程度のものに隠れます。自分の身体のどの部分に布がかかっているかを意識して、布の大きさに合わせてうまく隠れられるように、自分で考えて身体を縮めたり曲げたりしてみましょう。,●つぎはぎに隠す　フェイスタオルやぼうし、シャツや靴下など、家庭にあるさまざまなサイズの衣服類を使い、自分の身体を隠します。つぎはぎに隠すことで、足を隠し、おなかを隠し…というように、身体のそれぞれの部分を意識します。そのため、１枚の布で隠すよりも、身体の各部位に対する意識が高められます。, , , ,,
的当てチャレンジ,運動/感覚統合,発達の気になる子の　学校・家庭で楽しくできる感覚統合あそび,投げるものや的までの距離、高さを変えて、うでの振り方や方向性などをコントロールします。的までの距離を見定めることで、空間におけるものの位置や大きさなどをとらえる視空間認知力を高めます。,【ルールを守って行動し人間関係をスムーズに】　的当てチャレンジを通して、投げるものや目標に応じて投げ方を変える経験を重ねましょう。友達とのやり取りや、ルールを守ることの大切さを知り、集団行動に参加するための土台を育てます。,【点数を設定すればゲーム感覚に】　子どもが２人以上いれば、点数を競うゲームができます。的をいくつか配置し、難易度に応じてそれぞれに点数を設定します。子どもたちの能力に差がある場合は、点数や回数をその子に合わせて調整するようにします。,床に、ロープやテープで円をかき、的を作ります。１～２ｍはなれた場所からお手玉を投げ、的のなかに入れます。,最初は、床に落ちたときにはずみにくいお手玉を使う。新聞紙などを的にしてもOK。,●投げるものを変える　消しゴムや積み木、丸めた紙、ハンカチなど、投げるものを変えます。的に入ったときに、はずんで的からはみださないように投げるにはどうしたらよいか、考える機会になります。,●的を遠ざける　的までの距離を遠くしたり、的の大きさを小さくしたり、難易度を上げます。難易度を上げすぎると子どもが意欲を失うこともあるので、少しずつ上げるようにしましょう。,●的の高さを変える　大人は的を持ち、少しずつ高く上げていきます。子どもは玉入れのようにして、的に投げ入れます。慣れてきたら、的をゆっくりと左右に動かして、動く的に入れるあそびにチャレンジしましょう。, , , ,,
動物ウォーク,運動/感覚統合,発達の気になる子の　学校・家庭で楽しくできる感覚統合あそび,肩やうでで体重を支える力や、体感筋をグッと引きしめる力を養います。前転や逆立ちなどのマット運動が苦手な子にとって、土台となる力を育てることにつながります。また身体の中心を使う粗大運動は、手指を使う微細運動の発達につながっていきます,【発達の「とび越し」からくる不器用さを改善する】　不器用な子の生育歴をたどると、乳児期に「ハイハイ」をほとんどせず、すぐに立ってしまったという子がいます。うで支持の力や体幹の筋群をしめる力を未発達のままでいることが多く見られます。これを発達の「とび越し」といいます。あらためて「よつばい」などに取り組むことで不器用さの軽減を目標とすることができます。,【ポイントを押さえて友達と一緒にあそぶ】　学校の活動でも取り入れやすいあそびです。体育館で行うときは、スタートとゴールのラインを決めて、クラスみんなで取り組んでみましょう。例えばクモ歩きなら「おなかをまっすぐに」など、動きのポイントをしっかり押さえることが大切です。,はだしになって、床をよつばいで進みます。進むときに、右手と左足、左手と右足の「ひねり」の動きを意識します。,よつばいの姿勢からおしりを高くあげて、高ばい（クマのポーズ）になり、歩きます。床について手を見るようにしましょう。,●クモ歩き　おなかを上に向けた状態でクモ歩きにも挑戦してみましょう。足側に進みます。おなかにグッと力を入れる感じがつかみやすくなります。,●カエルの川跳び　ひざを曲げ、両手を前につきます。両足で床をけって川を跳び越えるようにします。これを繰り返し行います。肩とうでで体重を支えられる力がついてくると、足を高く上げることができます。,●アザラシ歩き　肩からうでの力を使って進みます。おなかが床につかないように意識しましょう。肩とうでで体重を支える感覚がつかめてくると、とび箱を跳ぶ際の土台になります。, , , ,,
タオルで柔軟体操,運動/感覚統合,発達の気になる子の　学校・家庭で楽しくできる感覚統合あそび,身体がかたいと感じる子どもでも、タオルを使うと意外と簡単に身体をのばすことができます。２人で取り組むアレンジは、タオルを使うことで、相手の動きに合わせた動きをとりやすくなります。,【関節の可動域を広げ柔軟性を向上させる】　身体の動きがかたく、ぎこちない子や、姿勢が崩れてしまう子におすすめのあそびです。タオルを使うことで肩やうでを大きく動かしたり、「ひねり」の動作を作りだしたりすることが可能になります。普段使っていない部位を使うことで、関節の可動域を広げ、柔軟性を向上させるという効果もあります。,【大人が先導して動きをリードする】　大人とペアになって行うときは、大人のほうがタオルを使って子どもの動きをうまくリードするとよいでしょう。先導するように動かしたり、軽く引っぱったりすることで、動きの方向づけがわかりやすくなります。声をかけ合いながら、楽しく取り組みましょう。,タオルの両端を手で持ち、棒のようにしてピンとのばします。,前かがみになって、ピンと張ったタオルを片足ずつまたぎます。,●タオルを１回転　両手で正面に持ったタオルをまたぎます。タオルを背後から頭上、そして再び身体の前へ持ってきます。手と手の間を広く取ると、背中から頭上へ移動しやすくなります。これができるようになったら、反対まわしにもチャレンジしましょう。,●２人で１回転①２人で向かい合い、２本のタオルの両端を持ちます。左足（相手は右足）で、左手（相手は右手）で持ったタオルをまたぎます。②身体の向きを変えながら、右手（相手は左手）で持ったタオルを持ち上げます。,③背中合わせになり、右手（相手は左手）のタオルを、頭上を越して反対側に移動させます。④最後に、輪のなかに残った左足（相手は右足）を輪から抜きながら、身体を向き合わせます。, , , ,,
おはじきシュート,運動/感覚統合,発達の気になる子の　学校・家庭で楽しくできる感覚統合あそび,おはじきをうまくはじくには、指先の使い方、力の入れ具合を調節する必要があります。このあそびを通して、細かく力の調節の仕方を身につけます。また、おはじきが止まるまで目で追うことで、目の使い方を育てます。,【雨の日の室内あそびを充実させる】　室内あそびが充実してくると、雨の日の過ごし方が変わります。特に、テーブルとおはじきさえあればできるような手軽なあそびがあると、友達も集まります。おはじきを指ではじく、近づいてきたおはじきを止めるなど、友達とのやり取りは、こんなところから始まります。,【「できた！」の喜びが次の一歩に】　はじく動きは、タイミングや強さの調節が必要で、何度か練習をしなければなりません。しかし、できなかった動きができるようになったときの喜びは大きく、子どもの自信や次へのチャレンジにつながります。,机の上に、マスキングテープなどでゴールを作ります。ゴールめがけておはじきをはじき、ゴールを通れば成功です。机の向こうえ落ちてしまってもかまいません。,おはじきをはじくのが難しい場合は、はじき方を練習しましょう。自分の手のひらに当てて強さを試したり、親指と人さし指がこすれる「シュッ」という音がなるかどうか聞いたりしてみましょう。,●ほかのおはじきに当てる　机の上に、おはじきをいくつか置き、おはじきをはじいてほかのおはじきに当てます。すぐそばにあるおはじきに当てられるようになったら、距離を少しずつはなしていきましょう。,●円のなかに入れる　机の円をかきます。おはじきを指ではじいて、円のなかにおはじきがおさまるようにします。１回で入れられるようになるのは難しいので、繰り返し練習しましょう。上手になってきたら、１０回行って何個入れることができるか、競い合ってみましょう。,●コマのようにまわす　おはじきを、コマのようにクルクルまわします。まず、利き手ではないほうの人さし指で、立てたおはじきの頂点を軽く支えます。利き手の人さし指でおはじきの面をはじくと、コマのようにまわります。微妙な力加減が必要な難しい動作ですが、おはじきがうまくまわったときの達成感は大きく、子どもの自信につながります。, , , ,,
コインを入れよう,運動/感覚統合,発達の気になる子の　学校・家庭で楽しくできる感覚統合あそび,手指でコインを扱うあそびを通して、細かい動きの器用さを高めます。コインを一度にたくさん撮ることで、ものを把持する力を高めます。また、コインを指先で送りだす動きができるようになることで、指先の機能がより高まります。,【水をこぼさないなど日常生活をスムーズに】　このあそびでは、手指の細かい動きの調節が求められます。コップの水をこぼさずに運んだり、給食で汁ものやおかずをうまく取り分けたり、工作ではさみを上手に扱ったりと、日常生活をスムーズにすることにつながります。,【たくさん持つことよりもていねいに取り扱うことを】　成果を目に見える形にするために、握ったコインの数を数えることは大切です。しかし、ここでより大切にしたいのは、ていねいな動きを作ることです。音を立てないようにそっと置く、最後まで目で見届けるなど、操作面の向上を評価するようにしましょう。,コイン（小銭）で山を作り、片手でできるだけたくさんつかみます。,落とさないように移動して、あらかじめ用意しておいたトレイの上に置きます。ゆっくり静かに置けるようになることを、目標とします。,●器を小さくする　コインを入れるトレイを、口が手のひらより小さい缶や瓶にかえます。できるだけこぼさないよう、ていねいに入れましょう。握った手の小指側から少しずつコインを落とす作業を通して、握り加減の調節を学びます。,●等分に分ける　同じ大きさの器を枚数並べます。コインを手いっぱいにつかんだら、それぞれの器に、同じ枚数になるように、コインを分けて入れます。おおよそのものの重さや量を予測する力を育てることにもつながります。,●貯金箱に入れる　貯金箱（なければ、コインを入れる穴をあけた箱）を用意します。片手でコインをつかみ、１枚１枚指で送りだして、貯金箱に入れていきます。穴の向きを変え、手首のひねりを加えてできるかどうかチャレンジしてみましょう。, , , ,,
グー・チョキ・パーあそび,運動/感覚統合,発達の気になる子の　学校・家庭で楽しくできる感覚統合あそび,ジャンケンが理解できるようになったら、グー・チョキ・パーと指を動かすあそびを取り入れましょう。言語での指示に合わせてすばやく正しい判断をしたり、左右で異なる動きを取り入れたりしながら、ボディイメージを高めていきます。,【聞く力や指示に合わせて行動する力を育てる】　人の話を聞くことが苦手な子どもも、このあそびなら動作が伴うので聞こうとします。できるようになってきたら、指示を出す大人が口の形を見せないようにして、言語情報だけを頼りにグー・チョキ・パーを出せるようにするとよいでしょう。,【難しいときは「グー」と「パー」から】　リズムに合わせて手の動きを変えるのが難しい子の場合、タイミングを合わせることができず、混乱することがあります。そんなときは、「グー」と「パー」は、「チョキ」に比べて作りやすいので、最初はこの２つから始めるなどの工夫を考えましょう。,リズムに合わせて「グー」「チョキ」「パー」のどれかを言います。指示どおりにすばやく手を動かします。,１を繰り返しながら、ランダムに指示を出していきましょう。リズムを崩さないように手を出します。利き手ではないほうの手でもやってみましょう。,●グー・パーのばし　右手をグーにして胸に当て、左手をパーにして前に突きだします。次に右手をパーにして前に突きだし、左手をグーにして胸に当てます。これを繰り返します。常に、胸に当てた手がグー、突きだした手がパーになります。慣れてきたら、「グーで突きだし、パーで胸に当てる」を繰り返しましょう。,●１人じゃんけん　自分の右手と左手でジャンケンをします。右手はグー・チョキ・パーの順番で出し、左手は必ず右に勝つように出します。反対の手でもできるか挑戦してみましょう。,●記憶ジャンケン　まず、大人がランダムに「グー」「チョキ」「パー」のどれかを、３つ出して、手を隠します。子どもは瞬時にそれを覚え、リズムよく、同じものを出します。一時的に視覚情報を記憶する「ワーキングメモリー」のトレーニングです。, , , ,,
